"","nUMI","mouse_nUMI","toxo_nUMI","nGene","mouse_nGene","toxo_nGene","cell_ID","mouse_nUMI_p","toxo_nUMI_p","mouse_nGene_p","toxo_nGene_p","well","cell_class"
"131_A10",425834.868144223,403682.609371223,22152.258773,5138,4399,739,"1",0.947979227559408,0.0520207724405917,0.85616971584274,0.14383028415726,"131_A10","LDM_3h"
"131_A11",828736.127056351,762040.581464351,66695.545592,6194,5157,1037,"2",0.919521373070943,0.0804786269290574,0.832579916047788,0.167420083952212,"131_A11","LDM_3h"
"131_A13",1306181.71123918,1011311.98997018,294869.721269,6764,5255,1509,"3",0.774250612505319,0.225749387494681,0.776907155529273,0.223092844470727,"131_A13","LDM_12h"
"131_A14",281077.345105002,242485.597344002,38591.747761,6675,5109,1566,"4",0.862700610941863,0.137299389058137,0.765393258426966,0.234606741573034,"131_A14","LDM_12h"
"131_A15",315174.23659915,309168.00765415,6006.228945,7393,6793,600,"5",0.980943147479916,0.0190568525200838,0.918842147977817,0.0811578520221831,"131_A15","LDM_12h"
"131_A17",633159.569242456,525951.894035456,107207.675207,9295,6596,2699,"6",0.830678267509613,0.169321732490387,0.709628832705756,0.290371167294244,"131_A17","LDM_12h"
"131_A18",569493.640533074,381476.048483074,188017.59205,8866,6070,2796,"7",0.669851287761517,0.330148712238483,0.684637942702459,0.315362057297541,"131_A18","LDM_12h"
"131_A1",1617423.22915846,1616615.83726846,807.39189,4224,4191,33,"8",0.99950081594264,0.000499184057360227,0.9921875,0.0078125,"131_A1","ctrl"
"131_A22",1959150.21626994,1957029.59634994,2120.61992,5163,5091,72,"9",0.998917581764589,0.00108241823541101,0.986054619407321,0.0139453805926787,"131_A22","LDM_Lys3h"
"131_A2",59068.2553734782,59013.1195074782,55.135866,3412,3410,2,"10",0.999066573650239,0.000933426349760723,0.999413833528722,0.000586166471277843,"131_A2","ctrl"
"131_A3",448365.578195929,448128.490211929,237.087984,4666,4620,46,"11",0.99947121724876,0.000528782751240543,0.990141448778397,0.00985855122160309,"131_A3","ctrl"
"131_A4",833605.122229381,833364.270949381,240.85128,6267,6225,42,"12",0.999711072696679,0.000288927303320631,0.993298228817616,0.00670177118238392,"131_A4","ctrl"
"131_A5",443961.048496127,443839.657430127,121.391066,3691,3662,29,"13",0.999726572710802,0.000273427289198455,0.992143050663777,0.00785694933622325,"131_A5","ctrl"
"131_A6",169933.622006013,169892.631350013,40.990656,4012,4009,3,"14",0.999758784309332,0.000241215690668616,0.999252243270189,0.000747756729810568,"131_A6","ctrl"
"131_A8",841551.721817811,755926.077655811,85625.644162,7619,6186,1433,"15",0.898252665947801,0.101747334052199,0.81191757448484,0.188082425515159,"131_A8","LDM_3h"
"131_A9",854696.333776971,544789.035194971,309907.298582,10996,7366,3630,"16",0.637406542727878,0.362593457272123,0.669879956347763,0.330120043652237,"131_A9","LDM_3h"
"131_B10",516846.266559558,462596.097496558,54250.169063,6258,5123,1135,"17",0.895036159544845,0.104963840455155,0.818632150846916,0.181367849153084,"131_B10","LDM_3h"
"131_B11",52180.5981073856,42084.4363609856,10096.1617464,4109,3209,900,"18",0.806515024499671,0.193484975500329,0.780968605500122,0.219031394499878,"131_B11","LDM_3h"
"131_B12",297907.957346129,277332.734319129,20575.223027,7182,5641,1541,"19",0.930934295242425,0.0690657047575751,0.785435811751601,0.214564188248399,"131_B12","LDM_3h"
"131_B14",522405.419562969,425017.337981969,97388.081581,8736,6213,2523,"20",0.813577581828166,0.186422418171834,0.711195054945055,0.288804945054945,"131_B14","LDM_12h"
"131_B16",446130.570178801,303288.758322801,142841.811856,6708,4263,2445,"21",0.679820614402748,0.320179385597252,0.635509838998211,0.364490161001789,"131_B16","LDM_12h"
"131_B17",357671.480166353,323667.862546353,34003.61762,5662,4594,1068,"22",0.904930587129326,0.0950694128706737,0.811374072765807,0.188625927234193,"131_B17","LDM_12h"
"131_B19",472076.955722342,471853.566148342,223.389574,5121,5069,52,"23",0.999526794156562,0.000473205843437504,0.989845733255224,0.0101542667447764,"131_B19","LDM_Lys3h"
"131_B1",74482.3985391283,74423.1265405283,59.2719986,3955,3947,8,"24",0.999204214690148,0.000795785309852263,0.997977243994943,0.00202275600505689,"131_B1","ctrl"
"131_B20",462390.478350195,460376.243611195,2014.234739,5094,4850,244,"25",0.995643866313626,0.00435613368637428,0.952100510404397,0.0478994895956027,"131_B20","LDM_Lys3h"
"131_B21",459439.327583493,459287.467296493,151.860287,4294,4267,27,"26",0.999669466069005,0.000330533930995279,0.993712156497438,0.00628784350256171,"131_B21","LDM_Lys3h"
"131_B22",436925.595078534,436586.394968534,339.20011,5663,5600,63,"27",0.99922366619438,0.000776333805619768,0.988875154511743,0.0111248454882571,"131_B22","LDM_Lys3h"
"131_B23",460368.613844855,459920.555717855,448.058127,4380,4324,56,"28",0.99902674049984,0.000973259500160009,0.987214611872146,0.0127853881278539,"131_B23","LDM_Lys3h"
"131_B3",81294.0497430035,81259.0566596035,34.9930834,3840,3840,0,"29",0.999569549265775,0.000430450734225006,1,0,"131_B3","ctrl"
"131_B4",310388.524198379,310322.182567379,66.341631,3865,3857,8,"30",0.999786262616599,0.000213737383401452,0.997930142302717,0.00206985769728331,"131_B4","ctrl"
"131_B5",31259.0566797153,31223.0365108153,36.0201689,2452,2450,2,"31",0.998847688550903,0.00115231144909675,0.999184339314845,0.000815660685154976,"131_B5","ctrl"
"131_B6",375103.373151956,375019.916777956,83.456374,5000,4994,6,"32",0.999777511001038,0.000222488998962405,0.9988,0.0012,"131_B6","ctrl"
"131_B7",431451.841982242,378427.551786242,53024.290196,6377,5189,1188,"33",0.877102644984924,0.122897355015076,0.813705504155559,0.186294495844441,"131_B7","LDM_3h"
"131_B8",43191.2974236198,36440.3842041198,6750.9132195,3201,2561,640,"34",0.843697373725843,0.156302626274157,0.800062480474852,0.199937519525148,"131_B8","LDM_3h"
"131_B9",350170.78523275,272956.40541375,77214.379819,6838,4611,2227,"35",0.77949508332719,0.22050491667281,0.674319976601345,0.325680023398655,"131_B9","LDM_3h"
"131_C10",584454.377715071,507275.999560071,77178.378155,5964,4813,1151,"36",0.867947985167415,0.132052014832585,0.80700871898055,0.19299128101945,"131_C10","LDM_3h"
"131_C11",120038.367017063,94007.1173350625,26031.249682,5944,4342,1602,"37",0.78314225419028,0.21685774580972,0.730484522207268,0.269515477792732,"131_C11","LDM_3h"
"131_C12",648023.650190475,570886.808855475,77136.841335,5898,4586,1312,"38",0.880966009014753,0.119033990985247,0.777551712444897,0.222448287555103,"131_C12","LDM_3h"
"131_C13",866536.829307055,605167.083012055,261369.746295,6569,4185,2384,"39",0.698374336259879,0.301625663740121,0.637083269904095,0.362916730095905,"131_C13","LDM_12h"
"131_C14",1267553.82218337,897404.387466374,370149.434717,7618,4938,2680,"40",0.707981287864042,0.292018712135958,0.648201627723812,0.351798372276188,"131_C14","LDM_12h"
"131_C15",179767.122762933,165017.582154133,14749.5406088,6625,5523,1102,"41",0.917951957053622,0.0820480429463785,0.833660377358491,0.166339622641509,"131_C15","LDM_12h"
"131_C16",329440.80831246,265152.59347946,64288.214833,6562,4673,1889,"42",0.804856553253641,0.195143446746359,0.712130448034136,0.287869551965864,"131_C16","LDM_12h"
"131_C17",865017.136500108,715414.284232108,149602.852268,8395,6492,1903,"43",0.827052151968574,0.172947848031426,0.773317450863609,0.226682549136391,"131_C17","LDM_12h"
"131_C18",1045696.93307389,647197.522863887,398499.41021,8687,5143,3544,"44",0.618915005288781,0.381084994711219,0.592034073903534,0.407965926096466,"131_C18","LDM_12h"
"131_C1",251297.458815448,251199.462456448,97.996359,4712,4693,19,"45",0.99961003840046,0.000389961599539962,0.995967741935484,0.00403225806451613,"131_C1","ctrl"
"131_C20",357228.656104126,355864.785007126,1363.871097,4293,4142,151,"46",0.996182078134845,0.00381792186515534,0.964826461681808,0.0351735383181924,"131_C20","LDM_Lys3h"
"131_C22",46690.422773996,45611.137785496,1079.2849885,3784,3620,164,"47",0.976884231832206,0.0231157681677944,0.956659619450317,0.0433403805496829,"131_C22","LDM_Lys3h"
"131_C3",1093962.53396391,1093649.35908191,313.174882,4311,4271,40,"48",0.999713724307481,0.000286275692518672,0.990721410345627,0.00927858965437254,"131_C3","ctrl"
"131_C4",148507.937015928,148456.863643928,51.073372,4555,4551,4,"49",0.9996560899503,0.000343910049700052,0.999121844127333,0.000878155872667398,"131_C4","ctrl"
"131_C5",577057.103102192,576925.387546192,131.715556,5276,5263,13,"50",0.999771746062405,0.000228253937594585,0.997536012130402,0.00246398786959818,"131_C5","ctrl"
"131_C6",245023.065665169,244943.589840369,79.4758248,5576,5569,7,"51",0.99967563941548,0.00032436058451985,0.998744619799139,0.00125538020086083,"131_C6","ctrl"
"131_C7",1041025.29801341,930878.419861411,110146.878152,8123,6611,1512,"52",0.89419385065647,0.10580614934353,0.813861873691986,0.186138126308014,"131_C7","LDM_3h"
"131_C8",829208.315590384,653305.302995384,175903.012595,6787,4990,1797,"53",0.787866318646648,0.212133681353352,0.735229114483572,0.264770885516428,"131_C8","LDM_3h"
"131_C9",346908.125701048,311706.379335048,35201.746366,6026,4967,1059,"54",0.898527178356336,0.101472821643664,0.82426153335546,0.17573846664454,"131_C9","LDM_3h"
"131_D11",439933.669930532,354455.370560532,85478.29937,5805,4387,1418,"55",0.805701847318261,0.194298152681739,0.7557278208441,0.2442721791559,"131_D11","LDM_3h"
"131_D12",2726669.90071079,407580.602990795,2319089.29772,1818,721,1097,"56",0.149479261455355,0.850520738544645,0.396589658965897,0.603410341034103,"131_D12","LDM_3h"
"131_D13",531259.936288364,499348.550579364,31911.385709,6376,5373,1003,"57",0.939932632729755,0.0600673672702448,0.842691342534504,0.157308657465496,"131_D13","LDM_12h"
"131_D14",57661.2760347959,29513.6873969959,28147.5886378,3837,2699,1138,"58",0.511845894273754,0.488154105726246,0.703414125618973,0.296585874381027,"131_D14","LDM_12h"
"131_D15",59747.4418124573,44093.2872220573,15654.1545904,3865,2762,1103,"59",0.737994563189212,0.262005436810788,0.714618369987063,0.285381630012937,"131_D15","LDM_12h"
"131_D16",215630.007062118,165722.895127518,49907.1119346,7103,4938,2165,"60",0.768552101747959,0.231447898252041,0.695199211600732,0.304800788399268,"131_D16","LDM_12h"
"131_D17",201552.945366851,183429.482975251,18123.4623916,5664,4744,920,"61",0.910080885404016,0.0899191145959842,0.837570621468927,0.162429378531073,"131_D17","LDM_12h"
"131_D18",81779.4777693041,48901.0330393041,32878.44473,6483,3739,2744,"62",0.597962158394451,0.402037841605549,0.576739163967299,0.423260836032701,"131_D18","LDM_12h"
"131_D20",327023.36432277,325359.75709277,1663.60723,5030,4851,179,"63",0.994912879593649,0.00508712040635124,0.96441351888668,0.0355864811133201,"131_D20","LDM_Lys3h"
"131_D21",625193.838486647,625050.148804647,143.689682,4858,4830,28,"64",0.999770167789325,0.00022983221067536,0.994236311239193,0.00576368876080692,"131_D21","LDM_Lys3h"
"131_D22",453677.735946422,452330.944533421,1346.791413,6534,6361,173,"65",0.997031391875137,0.00296860812486301,0.973523109886746,0.0264768901132537,"131_D22","LDM_Lys3h"
"131_D2",445380.323777611,445243.339614611,136.984163,4477,4437,40,"66",0.999692433285247,0.000307566714753208,0.9910654456109,0.00893455438909984,"131_D2","ctrl"
"131_D3",413308.017804815,413115.485920815,192.531884,4922,4872,50,"67",0.999534168523944,0.000465831476056492,0.989841527834214,0.0101584721657863,"131_D3","ctrl"
"131_D4",51573.3107136848,51551.5071696848,21.803544,3078,3078,0,"68",0.999577232027607,0.000422767972392637,1,0,"131_D4","ctrl"
"131_D5",98745.5261632685,98708.8265339685,36.6996293,4411,4409,2,"69",0.999628341346429,0.000371658653570997,0.999546588075266,0.00045341192473362,"131_D5","ctrl"
"131_D7",765734.931835251,655133.387851251,110601.543984,6942,5215,1727,"70",0.855561579620092,0.144438420379908,0.751224430999712,0.248775569000288,"131_D7","LDM_3h"
"131_D8",95863.6426657312,82671.4532682312,13192.1893975,5012,4058,954,"71",0.862385894895523,0.137614105104477,0.809656823623304,0.190343176376696,"131_D8","LDM_3h"
"131_D9",999916.731268182,703598.135205182,296318.596063,5522,4024,1498,"72",0.703656727808542,0.296343272191458,0.728721477725462,0.271278522274538,"131_D9","LDM_3h"
"131_E10",244902.056303545,228887.805397545,16014.250906,6087,5301,786,"73",0.934609569442932,0.0653904305570676,0.870872350911779,0.129127649088221,"131_E10","LDM_3h"
"131_E11",376907.06669428,326380.38227628,50526.684418,6261,4781,1480,"74",0.865943918586744,0.134056081413256,0.763616035777032,0.236383964222968,"131_E11","LDM_3h"
"131_E12",486269.817656809,438681.163084809,47588.654572,6770,5530,1240,"75",0.902135290235952,0.0978647097640477,0.816838995568685,0.183161004431315,"131_E12","LDM_3h"
"131_E13",291317.623886463,170235.465510463,121082.158376,8246,5061,3185,"76",0.584363771883605,0.415636228116395,0.613752122241087,0.386247877758913,"131_E13","LDM_12h"
"131_E14",80741.9282354242,58601.2840554242,22140.64418,5581,3888,1693,"77",0.725785045466797,0.274214954533203,0.696649345995341,0.303350654004659,"131_E14","LDM_12h"
"131_E15",84637.6607452071,66345.4517250071,18292.2090202,5606,4171,1435,"78",0.783876245407269,0.216123754592731,0.744024259721727,0.255975740278273,"131_E15","LDM_12h"
"131_E16",276665.21583802,84538.3316760197,192126.884162,7933,3890,4043,"79",0.305561837327301,0.694438162672699,0.490356737678054,0.509643262321946,"131_E16","LDM_12h"
"131_E17",29344.9396148754,27954.7944133754,1390.1452015,2606,2427,179,"80",0.952627430155102,0.047372569844898,0.931312356101305,0.0686876438986953,"131_E17","LDM_12h"
"131_E18",72099.6484546093,38121.9081286093,33977.740326,4271,2580,1691,"81",0.528739167883865,0.471260832116135,0.604073987356591,0.395926012643409,"131_E18","LDM_12h"
"131_E19",608971.028366663,608610.127773663,360.900593,6106,6034,72,"82",0.999407359995486,0.000592640004513812,0.988208319685555,0.0117916803144448,"131_E19","LDM_Lys3h"
"131_E20",453509.379081162,452137.837878162,1371.541203,4869,4745,124,"83",0.99697571590299,0.00302428409700992,0.974532758266584,0.0254672417334155,"131_E20","LDM_Lys3h"
"131_E24",161799.380755907,161271.167619507,528.2131364,5297,5223,74,"84",0.996735382212637,0.00326461778736268,0.986029828204644,0.0139701717953559,"131_E24","LDM_Lys3h"
"131_E4",642139.656036559,642034.283594559,105.372442,4847,4815,32,"85",0.999835904166626,0.000164095833374291,0.993397978130803,0.00660202186919744,"131_E4","ctrl"
"131_E5",558153.760882104,557993.675824104,160.085058,5499,5459,40,"86",0.999713188248079,0.000286811751921195,0.992725950172759,0.00727404982724132,"131_E5","ctrl"
"131_E6",38066.4906981188,38051.4374933188,15.0532048,2121,2121,0,"87",0.999604554963593,0.000395445036406887,1,0,"131_E6","ctrl"
"131_E7",371803.933543111,330993.055343111,40810.8782,6219,5083,1136,"88",0.890235485646717,0.109764514353283,0.817333976523557,0.182666023476443,"131_E7","LDM_3h"
"131_E8",441910.399043125,309013.703077125,132896.695966,7512,5086,2426,"89",0.699267778595473,0.300732221404527,0.677050053248136,0.322949946751864,"131_E8","LDM_3h"
"131_E9",500270.682427649,407867.445932649,92403.236495,5651,4493,1158,"90",0.815293520606489,0.184706479393511,0.795080516722704,0.204919483277296,"131_E9","LDM_3h"
"131_F10",356399.837272276,323731.520948276,32668.316324,6202,5143,1059,"91",0.9083380156006,0.0916619843993999,0.829248629474363,0.170751370525637,"131_F10","LDM_3h"
"131_F11",31582.9493459834,27472.4486300834,4110.5007159,2986,2506,480,"92",0.869850637732706,0.130149362267294,0.839249832551909,0.160750167448091,"131_F11","LDM_3h"
"131_F12",360679.320970687,238818.730268687,121860.590702,5991,4230,1761,"93",0.662135909610676,0.337864090389324,0.706059088632949,0.293940911367051,"131_F12","LDM_3h"
"131_F13",346994.751584122,263660.011617122,83334.739967,9109,6076,3033,"94",0.759838615464484,0.240161384535516,0.66703260511582,0.33296739488418,"131_F13","LDM_12h"
"131_F14",44042.8851350934,34868.2983625935,9174.5867725,3574,2807,767,"95",0.791689696432042,0.208310303567958,0.785394515948517,0.214605484051483,"131_F14","LDM_12h"
"131_F15",330106.699561413,251575.494493413,78531.205068,8241,5444,2797,"96",0.762103570838343,0.237896429161657,0.660599441815314,0.339400558184686,"131_F15","LDM_12h"
"131_F16",70004.6472207253,63905.7171688253,6098.9300519,4308,3748,560,"97",0.912878211746857,0.0871217882531429,0.870009285051068,0.129990714948932,"131_F16","LDM_12h"
"131_F17",50347.8011544474,43783.7691444474,6564.03201,4164,3446,718,"98",0.869626242666207,0.130373757333793,0.827569644572526,0.172430355427474,"131_F17","LDM_12h"
"131_F18",311185.885937664,261927.783411664,49258.102526,5412,4219,1193,"99",0.841708429745855,0.158291570254145,0.779563932002956,0.220436067997044,"131_F18","LDM_12h"
"131_F19",417662.817790255,416561.196830255,1101.62096,1326,1298,28,"100",0.997362415534549,0.00263758446545083,0.978883861236802,0.0211161387631976,"131_F19","LDM_Lys3h"
"131_F20",397101.300358998,394899.016418998,2202.28394,4785,4606,179,"101",0.994454100407103,0.00554589959289741,0.962591431556949,0.0374085684430512,"131_F20","LDM_Lys3h"
"131_F22",826281.266200108,825349.378697108,931.887503,5558,5463,95,"102",0.998872190934105,0.00112780906589539,0.982907520690896,0.017092479309104,"131_F22","LDM_Lys3h"
"131_F23",144202.798378576,143758.833845776,443.9645328,4326,4262,64,"103",0.996921248839884,0.0030787511601159,0.985205732778548,0.0147942672214517,"131_F23","LDM_Lys3h"
"131_F24",205229.971233805,205092.582882005,137.3883518,3968,3956,12,"104",0.999330563898762,0.000669436101238266,0.996975806451613,0.0030241935483871,"131_F24","LDM_Lys3h"
"131_F3",110046.397572326,110006.666977926,39.7305944,5231,5228,3,"105",0.999638965061315,0.000361034938684728,0.999426495889887,0.000573504110112789,"131_F3","ctrl"
"131_F4",156397.455324294,156359.368903594,38.0864207,4070,4066,4,"106",0.999756476723863,0.000243523276136602,0.999017199017199,0.000982800982800983,"131_F4","ctrl"
"131_F6",150732.016334284,150698.222784284,33.79355,3951,3949,2,"107",0.999775803768689,0.000224196231310638,0.999493799038218,0.000506200961781827,"131_F6","ctrl"
"131_F7",56548.5833613983,49167.4142933983,7381.169068,3887,3159,728,"108",0.869472078180501,0.130527921819499,0.812709030100334,0.187290969899666,"131_F7","LDM_3h"
"131_F8",55144.1314032556,46088.9215068555,9055.2098964,3920,3154,766,"109",0.835790143647717,0.164209856352283,0.804591836734694,0.195408163265306,"131_F8","LDM_3h"
"131_F9",632407.062278307,505929.001250307,126478.061028,5973,4475,1498,"110",0.80000529947855,0.19999470052145,0.749204754729617,0.250795245270383,"131_F9","LDM_3h"
"131_G10",81894.915939879,76711.676281479,5183.2396584,4434,3969,465,"111",0.936708651582167,0.0632913484178327,0.895128552097429,0.104871447902571,"131_G10","LDM_3h"
"131_G11",663036.91115096,581645.60294596,81391.308205,6873,5510,1363,"112",0.877244679992682,0.122755320007318,0.80168776371308,0.19831223628692,"131_G11","LDM_3h"
"131_G12",997775.129466608,718323.906640608,279451.222826,8822,6081,2741,"113",0.719925648001079,0.280074351998921,0.689299478576287,0.310700521423713,"131_G12","LDM_3h"
"131_G13",258263.059607459,181542.342643359,76720.7169641,7921,5327,2594,"114",0.702935769905654,0.297064230094346,0.672516096452468,0.327483903547532,"131_G13","LDM_12h"
"131_G14",547505.203342068,512941.322992068,34563.88035,8540,7120,1420,"115",0.936870224905597,0.0631297750944027,0.833723653395785,0.166276346604215,"131_G14","LDM_12h"
"131_G15",878919.407980572,622803.991974572,256115.416006,8755,6219,2536,"116",0.708601933601105,0.291398066398895,0.710336950314106,0.289663049685894,"131_G15","LDM_12h"
"131_G16",35682.2689943864,29436.1421864864,6246.1268079,3450,2794,656,"117",0.824951523994098,0.175048476005903,0.809855072463768,0.190144927536232,"131_G16","LDM_12h"
"131_G17",664808.461072556,564081.570362556,100726.89071,7709,6129,1580,"118",0.848487351458352,0.151512648541648,0.795044752886237,0.204955247113763,"131_G17","LDM_12h"
"131_G18",267279.894757744,185460.897075744,81818.997682,8419,5462,2957,"119",0.693882707653119,0.306117292346881,0.648770637842974,0.351229362157026,"131_G18","LDM_12h"
"131_G1",238557.761674315,238469.776664315,87.98501,5616,5612,4,"120",0.999631179428485,0.000368820571514749,0.999287749287749,0.000712250712250712,"131_G1","ctrl"
"131_G20",482408.188526133,481290.069901133,1118.118625,5242,5148,94,"121",0.997682214664689,0.00231778533531138,0.982067913010301,0.0179320869896986,"131_G20","LDM_Lys3h"
"131_G21",95863.4854460933,81318.4552680933,14545.030178,1436,1008,428,"122",0.848273509873798,0.151726490126202,0.701949860724234,0.298050139275766,"131_G21","LDM_Lys3h"
"131_G22",320916.415514833,320426.743569833,489.671945,4604,4556,48,"123",0.998474144913359,0.0015258550866413,0.989574283231972,0.0104257167680278,"131_G22","LDM_Lys3h"
"131_G24",197136.489337163,196694.992139563,441.4971976,4152,4090,62,"124",0.997760449122917,0.00223955087708245,0.985067437379576,0.0149325626204239,"131_G24","LDM_Lys3h"
"131_G2",217356.259695002,217279.045511002,77.214184,4988,4981,7,"125",0.999644757486587,0.000355242513412535,0.9985966319166,0.00140336808340016,"131_G2","ctrl"
"131_G5",395060.847009733,394966.011800733,94.835209,4398,4385,13,"126",0.999759947841661,0.000240052158339203,0.997044110959527,0.00295588904047294,"131_G5","ctrl"
"131_G6",525235.562268808,525107.466435808,128.095833,5091,5061,30,"127",0.999756117364851,0.000243882635148841,0.994107248084856,0.00589275191514437,"131_G6","ctrl"
"131_G8",407486.127743396,344328.067683396,63158.06006,4657,3707,950,"128",0.845005619185711,0.154994380814289,0.79600601245437,0.20399398754563,"131_G8","LDM_3h"
"131_G9",1079776.17947718,912176.813670177,167599.365807,7094,5448,1646,"129",0.844783234718003,0.155216765281997,0.767972934874542,0.232027065125458,"131_G9","LDM_3h"
"131_H10",425224.193119948,355742.732673948,69481.460446,5968,4629,1339,"130",0.836600406161743,0.163399593838257,0.77563672922252,0.22436327077748,"131_H10","LDM_3h"
"131_H11",96842.7527753961,78250.2759503961,18592.476825,5102,3886,1216,"131",0.808013751239384,0.191986248760616,0.761662093296746,0.238337906703254,"131_H11","LDM_3h"
"131_H12",486983.244329241,421169.125127241,65814.119202,6363,5077,1286,"132",0.864853421614842,0.135146578385157,0.797894075121798,0.202105924878202,"131_H12","LDM_3h"
"131_H13",80273.6614608711,52834.8804598711,27438.781001,5322,3549,1773,"133",0.658184509069954,0.341815490930046,0.666854565952649,0.333145434047351,"131_H13","LDM_12h"
"131_H14",559896.802876375,533154.808876376,26741.994,6545,5569,976,"134",0.952237637609971,0.0477623623900289,0.850878533231474,0.149121466768526,"131_H14","LDM_12h"
"131_H15",30658.087212055,22335.589206455,8322.4980056,2782,2011,771,"135",0.72853825002078,0.27146174997922,0.722861250898634,0.277138749101366,"131_H15","LDM_12h"
"131_H16",744602.633034902,712462.088367902,32140.544667,7491,6453,1038,"136",0.95683530618741,0.0431646938125902,0.861433720464557,0.138566279535443,"131_H16","LDM_12h"
"131_H17",320115.869818771,226972.406162771,93143.463656,8744,5936,2808,"137",0.709032033592299,0.290967966407701,0.678865507776761,0.321134492223239,"131_H17","LDM_12h"
"131_H18",471550.44588917,414598.39923017,56952.046659,6322,4812,1510,"138",0.87922385154019,0.12077614845981,0.761151534324581,0.238848465675419,"131_H18","LDM_12h"
"131_H19",760035.193318677,759285.131060677,750.062258,4573,4492,81,"139",0.999013121675689,0.000986878324311364,0.982287338727312,0.0177126612726875,"131_H19","LDM_Lys3h"
"131_H1",226037.407623217,225979.737570917,57.6700523,5036,5031,5,"140",0.999744865007494,0.000255134992505889,0.99900714853058,0.000992851469420175,"131_H1","ctrl"
"131_H20",302487.357662512,302141.515625512,345.842037,4645,4617,28,"141",0.998856672755938,0.00114332724406241,0.993972012917115,0.00602798708288482,"131_H20","LDM_Lys3h"
"131_H21",34819.9249348255,33634.7682453255,1185.1566895,1759,1668,91,"142",0.965963261215573,0.0340367387844267,0.948266060261512,0.0517339397384878,"131_H21","LDM_Lys3h"
"131_H3",65089.3570003001,65067.7538164001,21.6031839,4003,4002,1,"143",0.999668099595762,0.000331900404238137,0.99975018735948,0.00024981264051961,"131_H3","ctrl"
"131_H5",459503.483500781,459436.517019781,66.966481,4568,4562,6,"144",0.999854263387755,0.000145736612244608,0.998686514886165,0.00131348511383538,"131_H5","ctrl"
"131_H6",269840.530528133,269775.835672833,64.6948553,5322,5315,7,"145",0.999760247820543,0.000239752179457174,0.998684704998121,0.00131529500187899,"131_H6","ctrl"
"131_H8",58529.6344866944,53704.4175050944,4825.2169816,4047,3554,493,"146",0.917559420558197,0.0824405794418026,0.878181368915246,0.121818631084754,"131_H8","LDM_3h"
"131_H9",356711.57449222,314905.59775822,41805.976734,6080,4976,1104,"147",0.882801737528391,0.117198262471609,0.818421052631579,0.181578947368421,"131_H9","LDM_3h"
"131_I10",53791.4409958416,42983.5312983416,10807.9096975,4011,3028,983,"148",0.79907752056065,0.20092247943935,0.754923959112441,0.245076040887559,"131_I10","LDM_3h"
"131_I11",351660.005010077,322162.417893077,29497.587117,4853,4260,593,"149",0.9161190163887,0.0838809836113,0.877807541726767,0.122192458273233,"131_I11","LDM_3h"
"131_I12",108533.574580255,96462.6229958551,12070.9515844,4813,3965,848,"150",0.888781405836088,0.111218594163911,0.823810513193434,0.176189486806566,"131_I12","LDM_3h"
"131_I14",579605.296991444,537022.187237444,42583.109754,4644,3980,664,"151",0.926530847845877,0.0734691521541229,0.857019810508183,0.142980189491817,"131_I14","LDM_12h"
"131_I15",597690.796937893,511507.594653893,86183.202284,6121,4663,1458,"152",0.855806375594979,0.144193624405021,0.761803626858356,0.238196373141644,"131_I15","LDM_12h"
"131_I16",48883.582943225,41021.715824725,7861.8671185,3944,3186,758,"153",0.83917162685004,0.16082837314996,0.807809330628803,0.192190669371197,"131_I16","LDM_12h"
"131_I17",50481.1716381844,37772.2765914844,12708.8950467,4216,3027,1189,"154",0.748244847845669,0.251755152154331,0.717979127134725,0.282020872865275,"131_I17","LDM_12h"
"131_I18",876190.935656294,732878.884778294,143312.050878,8685,6167,2518,"155",0.836437419007702,0.163562580992298,0.710074841681059,0.289925158318941,"131_I18","LDM_12h"
"131_I23",626276.550229114,625036.627049114,1239.92318,5767,5613,154,"156",0.99802016668268,0.00197983331732027,0.973296341251951,0.0267036587480492,"131_I23","LDM_Lys3h"
"131_I24",514938.894429219,514776.782982219,162.111447,4137,4089,48,"157",0.99968518313774,0.000314816862260311,0.988397389412618,0.0116026105873822,"131_I24","LDM_Lys3h"
"131_I3",87491.3234645503,87337.6553295503,153.668135,1154,1135,19,"158",0.998243618579364,0.00175638142063611,0.983535528596187,0.0164644714038128,"131_I3","ctrl"
"131_I4",348906.780857532,348802.912165532,103.868692,5565,5551,14,"159",0.999702302455273,0.000297697544727319,0.99748427672956,0.00251572327044025,"131_I4","ctrl"
"131_I5",169804.088178247,169741.981109447,62.1070688,3776,3769,7,"160",0.99963424279435,0.000365757205649871,0.998146186440678,0.00185381355932203,"131_I5","ctrl"
"131_I6",148495.849483749,148469.767200849,26.0822829,4294,4294,0,"161",0.999824356822156,0.000175643177844202,1,0,"131_I6","ctrl"
"131_I7",1311518.06402032,314024.923012318,997493.141008,2232,643,1589,"162",0.239436216417568,0.760563783582432,0.288082437275986,0.711917562724014,"131_I7","LDM_3h"
"131_I8",258087.209788632,239991.106024632,18096.103764,5700,5054,646,"163",0.929883763791238,0.070116236208762,0.886666666666667,0.113333333333333,"131_I8","LDM_3h"
"131_I9",654149.822672179,582733.864029178,71415.958643,6062,4845,1217,"164",0.89082629671706,0.10917370328294,0.799241174529858,0.200758825470142,"131_I9","LDM_3h"
"131_J10",709685.894523164,622562.958834164,87122.935689,6375,5004,1371,"165",0.877237329413828,0.122762670586172,0.784941176470588,0.215058823529412,"131_J10","LDM_3h"
"131_J13",506536.584867547,433533.181890547,73003.402977,6399,4799,1600,"166",0.855877334119727,0.144122665880273,0.749960931395531,0.250039068604469,"131_J13","LDM_12h"
"131_J14",383828.711229149,255862.751888149,127965.959341,8727,5611,3116,"167",0.666606599253063,0.333393400746937,0.642947175432566,0.357052824567434,"131_J14","LDM_12h"
"131_J15",1340009.4259665,1178637.6482145,161371.777752,7141,5502,1639,"168",0.879574147297055,0.120425852702945,0.77048032488447,0.22951967511553,"131_J15","LDM_12h"
"131_J16",44694.8932657131,40903.5858977131,3791.307368,3504,2997,507,"169",0.915173589397328,0.0848264106026725,0.855308219178082,0.144691780821918,"131_J16","LDM_12h"
"131_J17",28675.0476871657,21656.3269100657,7018.7207771,2789,2100,689,"170",0.75523246365022,0.24476753634978,0.7529580494801,0.2470419505199,"131_J17","LDM_12h"
"131_J18",487528.806204624,408212.262497624,79316.543707,7012,5186,1826,"171",0.837309010877791,0.162690989122209,0.739589275527667,0.260410724472333,"131_J18","LDM_12h"
"131_J1",177437.347655083,177346.088294483,91.2593606,4583,4576,7,"172",0.99948568121759,0.000514318782409875,0.998472616190268,0.00152738380973162,"131_J1","ctrl"
"131_J20",218626.712130763,218335.111890963,291.6002398,4936,4905,31,"173",0.998666218610901,0.00133378138909938,0.99371961102107,0.00628038897893031,"131_J20","LDM_Lys3h"
"131_J21",127053.197223259,126749.648942659,303.5482806,1386,1369,17,"174",0.997610856812469,0.00238914318753115,0.987734487734488,0.0122655122655123,"131_J21","LDM_Lys3h"
"131_J23",107341.106507214,102553.085469214,4788.021038,2668,2336,332,"175",0.95539433872262,0.0446056612773803,0.875562218890555,0.124437781109445,"131_J23","LDM_Lys3h"
"131_J24",272452.295902678,272252.088287678,200.207615,5636,5609,27,"176",0.999265164514996,0.00073483548500364,0.995209368346345,0.00479063165365507,"131_J24","LDM_Lys3h"
"131_J4",405034.093422461,404931.229841461,102.863581,5722,5707,15,"177",0.999746037228296,0.000253962771703543,0.997378538972387,0.00262146102761272,"131_J4","ctrl"
"131_J6",458653.648897867,458536.076886867,117.572011,4926,4917,9,"178",0.999743658398265,0.000256341601734822,0.998172959805116,0.00182704019488429,"131_J6","ctrl"
"131_J7",108550.732323997,62720.9665541972,45829.7657698,4559,3046,1513,"179",0.577803255780814,0.422196744219186,0.668128975652555,0.331871024347445,"131_J7","LDM_3h"
"131_J8",885429.369283854,638280.516744854,247148.852539,8618,5858,2760,"180",0.720871182826365,0.279128817173635,0.679740078904618,0.320259921095382,"131_J8","LDM_3h"
"131_J9",42219.2929005437,36888.6506331437,5330.6422674,3584,2980,604,"181",0.873739186490938,0.126260813509062,0.831473214285714,0.168526785714286,"131_J9","LDM_3h"
"131_K10",329551.100367001,306462.562332001,23088.538035,6236,5131,1105,"182",0.929939429699104,0.0700605703008962,0.822803078896729,0.177196921103271,"131_K10","LDM_3h"
"131_K11",492086.521259842,459720.118830842,32366.402429,5783,5070,713,"183",0.934226195941853,0.065773804058147,0.876707591215632,0.123292408784368,"131_K11","LDM_3h"
"131_K13",47222.1315918599,43640.5223662599,3581.6092256,3279,2917,362,"184",0.924154012009543,0.0758459879904573,0.889600487953644,0.110399512046356,"131_K13","LDM_12h"
"131_K14",984698.193619537,900862.972180537,83835.221439,6919,5617,1302,"185",0.914862013577135,0.0851379864228652,0.811822517704871,0.188177482295129,"131_K14","LDM_12h"
"131_K15",58089.1915552787,52288.0624245787,5801.1291307,4575,3935,640,"186",0.900134104548872,0.0998658954511278,0.860109289617486,0.139890710382514,"131_K15","LDM_12h"
"131_K16",71876.0161450571,50169.2482689571,21706.7678761,4752,3459,1293,"187",0.697997064385256,0.302002935614744,0.72790404040404,0.27209595959596,"131_K16","LDM_12h"
"131_K18",39147.2476107407,31153.6388991407,7993.6087116,3942,3047,895,"188",0.795806622445486,0.204193377554514,0.772957889396246,0.227042110603754,"131_K18","LDM_12h"
"131_K19",455298.214347206,455008.440159206,289.774188,5358,5323,35,"189",0.999363550791835,0.000636449208164522,0.993467711832773,0.00653228816722658,"131_K19","LDM_Lys3h"
"131_K1",163674.033050321,163084.015950321,590.0171,5247,5202,45,"190",0.996395169783477,0.00360483021652311,0.991423670668954,0.00857632933104631,"131_K1","ctrl"
"131_K20",383707.148576573,383361.678043573,345.470533,5093,5065,28,"191",0.999099650516594,0.000900349483405721,0.994502258001178,0.00549774199882191,"131_K20","LDM_Lys3h"
"131_K21",128449.504981812,128198.116440312,251.3885415,4912,4869,43,"192",0.998042899880886,0.00195710011911371,0.991245928338762,0.00875407166123779,"131_K21","LDM_Lys3h"
"131_K24",192734.687481883,190766.602408883,1968.085073,3994,3784,210,"193",0.989788630688573,0.0102113693114272,0.947421131697546,0.0525788683024537,"131_K24","LDM_Lys3h"
"131_K4",312772.212900085,312695.614183085,76.598717,5168,5155,13,"194",0.999755097435639,0.000244902564360694,0.997484520123839,0.00251547987616099,"131_K4","ctrl"
"131_K5",132691.794476131,132632.909876831,58.8845993,4122,4117,5,"195",0.9995562302889,0.0004437697110999,0.99878699660359,0.00121300339640951,"131_K5","ctrl"
"131_K6",269945.811110158,269853.916532158,91.894578,4045,4034,11,"196",0.999659581389235,0.000340418610765182,0.997280593325093,0.00271940667490729,"131_K6","ctrl"
"131_K7",393830.599411263,291247.195875263,102583.403536,5037,3929,1108,"197",0.739524039804546,0.260475960195454,0.780027794322017,0.219972205677983,"131_K7","LDM_3h"
"131_K8",361857.448384066,346538.925639066,15318.522745,5832,5201,631,"198",0.957666968544084,0.0423330314559155,0.891803840877915,0.108196159122085,"131_K8","LDM_3h"
"131_K9",381681.555061632,263848.925893632,117832.629168,8765,5902,2863,"199",0.691280263336349,0.308719736663651,0.673359954363947,0.326640045636052,"131_K9","LDM_3h"
"131_L11",85001.4674962167,73995.4712518167,11005.9962444,4899,3837,1062,"200",0.870519926671974,0.129480073328026,0.783221065523576,0.216778934476424,"131_L11","LDM_3h"
"131_L12",147302.002174727,141707.259190727,5594.742984,4271,3784,487,"201",0.962018554388938,0.0379814456110624,0.885975181456333,0.114024818543667,"131_L12","LDM_3h"
"131_L13",682274.139335195,647566.317340195,34707.821995,5789,5085,704,"202",0.949129213619588,0.0508707863804118,0.878390050095008,0.121609949904992,"131_L13","LDM_12h"
"131_L15",180315.02912046,156782.79966546,23532.229455,7643,6056,1587,"203",0.86949379888196,0.13050620111804,0.792359021326704,0.207640978673296,"131_L15","LDM_12h"
"131_L16",719567.301197784,539095.927792784,180471.373405,8589,5534,3055,"204",0.749194588046748,0.250805411953252,0.644312492723251,0.355687507276749,"131_L16","LDM_12h"
"131_L1",451980.713100768,451851.323385768,129.389715,5568,5557,11,"205",0.999713727353293,0.000286272646707279,0.998024425287356,0.00197557471264368,"131_L1","ctrl"
"131_L22",319069.867169199,318793.835779199,276.03139,4942,4914,28,"206",0.9991348873134,0.000865112686600467,0.994334277620397,0.0056657223796034,"131_L22","LDM_Lys3h"
"131_L4",525793.635971649,525635.979579649,157.656392,5790,5749,41,"207",0.999700155381857,0.000299844618143117,0.992918825561313,0.00708117443868739,"131_L4","ctrl"
"131_L5",362765.424175833,362672.263574833,93.160601,3988,3981,7,"208",0.999743193273693,0.000256806726307094,0.998244734202608,0.00175526579739218,"131_L5","ctrl"
"131_L6",144704.413042281,144651.726825681,52.6862166,4596,4592,4,"209",0.999635904562326,0.000364095437674079,0.999129677980853,0.000870322019147084,"131_L6","ctrl"
"131_L7",1005727.24817802,839631.546798023,166095.70138,7810,5873,1937,"210",0.834850152781582,0.165149847218418,0.751984635083227,0.248015364916773,"131_L7","LDM_3h"
"131_L8",244799.929473148,223648.059032148,21151.870441,5953,4839,1114,"211",0.91359527559292,0.08640472440708,0.812867461783975,0.187132538216026,"131_L8","LDM_3h"
"131_M10",189132.573745233,168042.049798233,21090.523947,6856,5599,1257,"212",0.88848814601651,0.11151185398349,0.816656942823804,0.183343057176196,"131_M10","LDM_3h"
"131_M11",290296.128669913,248608.158138913,41687.970531,4751,3799,952,"213",0.85639501731557,0.14360498268443,0.79962113239318,0.20037886760682,"131_M11","LDM_3h"
"131_M13",133591.5705458,110668.2868686,22923.2836772,6123,4532,1591,"214",0.828407708783235,0.171592291216765,0.740160052261963,0.259839947738037,"131_M13","LDM_12h"
"131_M15",125586.638362476,111675.218396276,13911.4199662,5344,4383,961,"215",0.889228502748453,0.110771497251547,0.820172155688623,0.179827844311377,"131_M15","LDM_12h"
"131_M16",1048450.67976627,769227.217363268,279223.462403,10169,6449,3720,"216",0.733679926207643,0.266320073792358,0.634182318812076,0.365817681187924,"131_M16","LDM_12h"
"131_M17",374955.10191425,343713.99083325,31241.111081,4480,3807,673,"217",0.916680394741916,0.0833196052580841,0.849776785714286,0.150223214285714,"131_M17","LDM_12h"
"131_M18",64402.4682087908,54251.2938666908,10151.1743421,4216,3347,869,"218",0.842379110235493,0.157620889764507,0.79388045540797,0.20611954459203,"131_M18","LDM_12h"
"131_M19",100186.796238754,98517.9602767541,1668.835962,2996,2890,106,"219",0.983342755486232,0.0166572445137682,0.964619492656876,0.0353805073431242,"131_M19","LDM_Lys3h"
"131_M1",759857.747462296,759500.631852296,357.11561,6714,6646,68,"220",0.999530023071828,0.000469976928171967,0.989871909442955,0.010128090557045,"131_M1","ctrl"
"131_M21",445317.671111824,445070.274954824,247.396157,5706,5649,57,"221",0.999444450168837,0.000555549831162833,0.990010515247108,0.00998948475289169,"131_M21","LDM_Lys3h"
"131_M22",549850.023153953,549228.880333953,621.14282,4850,4767,83,"222",0.998870341377023,0.00112965862297706,0.982886597938144,0.0171134020618557,"131_M22","LDM_Lys3h"
"131_M2",364202.038750563,364079.377288563,122.661462,4638,4619,19,"223",0.999663204900168,0.000336795099831962,0.995903406640793,0.00409659335920655,"131_M2","ctrl"
"131_M5",253484.975941569,253424.872323569,60.103618,5084,5069,15,"224",0.999762890807328,0.000237109192672052,0.997049567269866,0.00295043273013375,"131_M5","ctrl"
"131_M6",550726.660038097,550570.996216097,155.663822,4590,4548,42,"225",0.999717348308525,0.000282651691474736,0.990849673202614,0.00915032679738562,"131_M6","ctrl"
"131_M7",1255055.9837032,201296.470303197,1053759.5134,2260,712,1548,"226",0.160388439174839,0.839611560825162,0.315044247787611,0.684955752212389,"131_M7","LDM_3h"
"131_M8",420175.107987166,414479.978472165,5695.129515,7632,7208,424,"227",0.986445818881841,0.0135541811181589,0.944444444444444,0.0555555555555556,"131_M8","LDM_3h"
"131_M9",786423.799248519,660308.505916519,126115.293332,8305,6087,2218,"228",0.839634439531825,0.160365560468175,0.732931968693558,0.267068031306442,"131_M9","LDM_3h"
"131_N10",142980.022817803,129707.086655803,13272.936162,4809,3956,853,"229",0.907169296098704,0.0928307039012961,0.822624246205032,0.177375753794968,"131_N10","LDM_3h"
"131_N12",241833.2570735,231290.1592355,10543.097838,5883,5314,569,"230",0.956403441091662,0.0435965589083376,0.903280639129696,0.0967193608703043,"131_N12","LDM_3h"
"131_N13",676492.722172571,625790.773970571,50701.948202,8181,6611,1570,"231",0.92505174624914,0.0749482537508601,0.808091920303141,0.191908079696859,"131_N13","LDM_12h"
"131_N14",609972.946474397,558480.948541397,51491.997933,9958,7831,2127,"232",0.915583144743353,0.0844168552566475,0.786402892147017,0.213597107852983,"131_N14","LDM_12h"
"131_N15",975665.759290082,562617.552491082,413048.206799,9724,5603,4121,"233",0.576649889712698,0.423350110287302,0.57620320855615,0.42379679144385,"131_N15","LDM_12h"
"131_N16",74813.8992705724,59743.5117975724,15070.387473,4174,3214,960,"234",0.798561662740016,0.201438337259984,0.770004791566842,0.229995208433158,"131_N16","LDM_12h"
"131_N17",1098755.29976178,238399.873819783,860355.425942,5692,2381,3311,"235",0.216972672506308,0.783027327493692,0.418306394940267,0.581693605059733,"131_N17","LDM_12h"
"131_N19",467811.469795716,467286.715059716,524.754736,4573,4501,72,"236",0.998878277319218,0.00112172268078239,0.984255412202056,0.0157445877979445,"131_N19","LDM_Lys3h"
"131_N1",50153.9886394562,50067.1654970562,86.8231424,1513,1505,8,"237",0.998268868643247,0.00173113135675307,0.994712491738268,0.00528750826173166,"131_N1","ctrl"
"131_N20",74145.4005110998,71879.8930508998,2265.5074602,2572,2364,208,"238",0.969445070839413,0.0305549291605869,0.919129082426128,0.0808709175738725,"131_N20","LDM_Lys3h"
"131_N21",178086.950616228,171544.451099228,6542.499517,3105,2782,323,"239",0.963262330595469,0.0367376694045309,0.89597423510467,0.10402576489533,"131_N21","LDM_Lys3h"
"131_N22",804860.974670221,804232.140655221,628.834015,5001,4929,72,"240",0.999218704801463,0.00078129519853743,0.985602879424115,0.0143971205758848,"131_N22","LDM_Lys3h"
"131_N23",567520.907942339,566670.401781339,850.506161,5597,5494,103,"241",0.998501365942475,0.00149863405752518,0.981597284259425,0.0184027157405753,"131_N23","LDM_Lys3h"
"131_N24",69999.5127009387,69654.5273896387,344.9853113,2884,2842,42,"242",0.99507160410139,0.00492839589860993,0.985436893203884,0.0145631067961165,"131_N24","LDM_Lys3h"
"131_N3",562658.327336753,562397.669199753,260.658137,8068,8011,57,"243",0.999536738151137,0.000463261848862667,0.992935052057511,0.00706494794248885,"131_N3","ctrl"
"131_N4",434130.390649561,434020.965422561,109.425227,5642,5600,42,"244",0.999747943868117,0.000252056131883037,0.992555831265509,0.00744416873449132,"131_N4","ctrl"
"131_N5",303550.864374267,303427.944151267,122.920223,4217,4203,14,"245",0.999595058893166,0.000404941106833561,0.996680104339578,0.0033198956604221,"131_N5","ctrl"
"131_N6",156760.005145198,156712.093979198,47.911166,3373,3369,4,"246",0.999694366136595,0.000305633863405545,0.99881411206641,0.00118588793359028,"131_N6","ctrl"
"131_N7",714327.490458651,654204.746826651,60122.743632,6218,5214,1004,"247",0.915833081555637,0.0841669184443633,0.838533290447089,0.161466709552911,"131_N7","LDM_3h"
"131_N8",482763.837587874,448786.014277874,33977.82331,8942,7338,1604,"248",0.929618126577645,0.0703818734223549,0.820621784835607,0.179378215164393,"131_N8","LDM_3h"
"131_N9",21401.5725841853,15054.7109271853,6346.861657,2032,1412,620,"249",0.703439472401667,0.296560527598333,0.69488188976378,0.30511811023622,"131_N9","LDM_3h"
"131_O10",468957.842846457,424194.314243457,44763.528603,5883,4933,950,"250",0.904546796080226,0.0954532039197736,0.838517763046065,0.161482236953935,"131_O10","LDM_3h"
"131_O11",1004860.32321742,826618.053444421,178242.269773,5725,4550,1175,"251",0.822619855063743,0.177380144936257,0.794759825327511,0.205240174672489,"131_O11","LDM_3h"
"131_O13",113529.311898227,94663.8479520269,18865.4639462,5416,4156,1260,"252",0.833827373470634,0.166172626529366,0.767355982274742,0.232644017725259,"131_O13","LDM_12h"
"131_O14",520263.970755653,383349.363142653,136914.607613,8863,6020,2843,"253",0.736836269069066,0.263163730930934,0.679228252284779,0.320771747715221,"131_O14","LDM_12h"
"131_O15",40288.7347937403,33237.2394371403,7051.4953566,3828,3104,724,"254",0.824976004019476,0.175023995980524,0.810867293625914,0.189132706374086,"131_O15","LDM_12h"
"131_O16",324653.51296493,307690.616527929,16962.896437,6081,5165,916,"255",0.947750768867139,0.0522492311328613,0.849366880447295,0.150633119552705,"131_O16","LDM_12h"
"131_O17",725128.649549284,510013.663992284,215114.985557,7299,5291,2008,"256",0.703342316303861,0.296657683696139,0.72489382107138,0.27510617892862,"131_O17","LDM_12h"
"131_O18",62072.3409929814,58051.1008270814,4021.2401659,3708,3247,461,"257",0.935216875961635,0.0647831240383649,0.875674217907228,0.124325782092772,"131_O18","LDM_12h"
"131_O19",193078.841692726,192424.714049726,654.127643,4009,3948,61,"258",0.996612121570312,0.00338787842968836,0.984784235470192,0.0152157645298079,"131_O19","LDM_Lys3h"
"131_O1",321248.23630183,320982.41039083,265.825911,3469,3440,29,"259",0.999172521804135,0.000827478195865464,0.99164024214471,0.00835975785528971,"131_O1","ctrl"
"131_O20",245527.102893952,245398.183691852,128.9192021,4721,4706,15,"260",0.999474928834412,0.000525071165588114,0.99682270705359,0.00317729294640966,"131_O20","LDM_Lys3h"
"131_O24",459637.130813922,459174.778237922,462.352576,4865,4821,44,"261",0.998994092197945,0.00100590780205522,0.990955806783145,0.00904419321685509,"131_O24","LDM_Lys3h"
"131_O2",221617.648577429,221545.551649029,72.0969284,4552,4548,4,"262",0.999674678759283,0.00032532124071703,0.999121265377856,0.000878734622144112,"131_O2","ctrl"
"131_O3",251079.106926301,251003.980285501,75.1266408,4773,4768,5,"263",0.999700784976816,0.000299215023184115,0.998952440812906,0.00104755918709407,"131_O3","ctrl"
"131_O4",54030.168781572,54008.328766272,21.8400153,3514,3513,1,"264",0.999595781101697,0.000404218898302775,0.999715424018213,0.000284575981787137,"131_O4","ctrl"
"131_O5",68277.8295325526,68040.7415555526,237.087977,1163,1139,24,"265",0.996527599388804,0.00347240061119641,0.979363714531384,0.0206362854686157,"131_O5","ctrl"
"131_O7",470315.347422774,437104.860876774,33210.486546,6275,5329,946,"266",0.929386768414031,0.0706132315859694,0.849243027888446,0.150756972111554,"131_O7","LDM_3h"
"131_O8",602922.765733556,492654.218828556,110268.546905,5846,4631,1215,"267",0.817109996218438,0.182890003781562,0.792165583304824,0.207834416695176,"131_O8","LDM_3h"
"131_O9",481188.062340177,401669.145576177,79518.916764,6763,5056,1707,"268",0.834744618606552,0.165255381393448,0.747597220168564,0.252402779831436,"131_O9","LDM_3h"
"131_P10",287270.862183029,254208.000734029,33062.861449,7176,5960,1216,"269",0.884907013548994,0.115092986451006,0.830546265328874,0.169453734671126,"131_P10","LDM_3h"
"131_P11",232819.718878428,219418.049162428,13401.669716,6020,5230,790,"270",0.942437565939172,0.0575624340608279,0.868770764119601,0.131229235880399,"131_P11","LDM_3h"
"131_P12",427714.539841745,389187.254180745,38527.285661,6011,5055,956,"271",0.909922899335489,0.0900771006645113,0.840958243220762,0.159041756779238,"131_P12","LDM_3h"
"131_P13",400543.422682597,327036.177732597,73507.24495,7927,5043,2884,"272",0.816481208310218,0.183518791689782,0.636180143812287,0.363819856187713,"131_P13","LDM_12h"
"131_P14",1006724.46718257,756379.761718566,250344.705464,7887,5410,2477,"273",0.751327484704312,0.248672515295688,0.685938886775707,0.314061113224293,"131_P14","LDM_12h"
"131_P15",41371.1173538986,39582.4038744986,1788.7134794,3144,2916,228,"274",0.956764197009742,0.0432358029902579,0.927480916030534,0.0725190839694656,"131_P15","LDM_12h"
"131_P16",32079.693211383,26483.876285683,5595.8169257,2918,2367,551,"275",0.825565135899916,0.174434864100084,0.81117203564085,0.18882796435915,"131_P16","LDM_12h"
"131_P17",183752.894092275,141653.138672775,42099.7554195,6366,4864,1502,"276",0.770889293322593,0.229110706677407,0.764059063776312,0.235940936223688,"131_P17","LDM_12h"
"131_P18",59991.9736323045,47724.1031340045,12267.8704983,4665,3643,1022,"277",0.795508136246846,0.204491863753154,0.780921757770632,0.219078242229368,"131_P18","LDM_12h"
"131_P19",86022.6302556262,81746.5589656262,4276.07129,3128,2757,371,"278",0.950291321280305,0.0497086787196946,0.881393861892583,0.118606138107417,"131_P19","LDM_Lys3h"
"131_P1",725528.517319176,724997.501931176,531.015388,4670,4596,74,"279",0.999268098530486,0.000731901469513699,0.984154175588865,0.0158458244111349,"131_P1","ctrl"
"131_P21",364102.169213699,363269.726962699,832.442251,4472,4399,73,"280",0.997713712464834,0.0022862875351655,0.983676207513417,0.0163237924865832,"131_P21","LDM_Lys3h"
"131_P2",122365.35905176,122278.69803716,86.6610146,4280,4268,12,"281",0.999291784739803,0.000708215260197478,0.997196261682243,0.00280373831775701,"131_P2","ctrl"
"131_P3",370197.322693146,370001.195139146,196.127554,3632,3611,21,"282",0.99947020807019,0.000529791929809738,0.994218061674009,0.00578193832599119,"131_P3","ctrl"
"131_P5",197205.45631611,197087.77977531,117.6765408,5643,5629,14,"283",0.999403279488315,0.000596720511684884,0.997519050150629,0.0024809498493709,"131_P5","ctrl"
"131_P6",126337.079963448,126295.825660448,41.254303,4400,4398,2,"284",0.999673458473063,0.000326541526936792,0.999545454545455,0.000454545454545455,"131_P6","ctrl"
"131_P7",367343.182617853,225679.394831853,141663.787786,8319,5228,3091,"285",0.614355745555314,0.385644254444686,0.628440918379613,0.371559081620387,"131_P7","LDM_3h"
"131_P8",477110.794365713,344720.083327713,132390.711038,5193,3956,1237,"286",0.722515791716671,0.277484208283329,0.761794723666474,0.238205276333526,"131_P8","LDM_3h"
"132_A10",41886.8604008594,32447.6412203594,9439.2191805,3476,2516,960,"287",0.774649637376347,0.225350362623653,0.723820483314154,0.276179516685846,"132_A10","PTG_3h"
"132_A11",46583.5536176208,42524.5564592208,4058.9971584,3687,3185,502,"288",0.912866304882661,0.0871336951173393,0.86384594521291,0.13615405478709,"132_A11","PTG_3h"
"132_A12",355279.816399349,253208.583012349,102071.233387,9908,6644,3264,"289",0.712701851680007,0.287298148319993,0.670569236980218,0.329430763019782,"132_A12","PTG_3h"
"132_A13",1306799.72240796,873303.357183964,433496.365224,7377,4682,2695,"290",0.668276356513742,0.331723643486258,0.63467534228006,0.36532465771994,"132_A13","PTG_12h"
"132_A14",47762.8090117771,36319.6771072771,11443.1319045,4177,3079,1098,"291",0.760417526915588,0.239582473084412,0.737131912856117,0.262868087143883,"132_A14","PTG_12h"
"132_A15",283562.133343873,230054.990070873,53507.143273,6577,4709,1868,"292",0.811303636906581,0.188696363093419,0.715979930059297,0.284020069940702,"132_A15","PTG_12h"
"132_A16",116665.69150874,91666.6281890403,24999.0633197,6094,4344,1750,"293",0.785720523348313,0.214279476651687,0.712832294059731,0.287167705940269,"132_A16","PTG_12h"
"132_A17",62398.8259000527,50278.6184890527,12120.207411,4294,3407,887,"294",0.805762252154976,0.194237747845024,0.793432696786213,0.206567303213787,"132_A17","PTG_12h"
"132_A18",375323.815125352,337839.704909352,37484.110216,8010,6307,1703,"295",0.90012861239972,0.0998713876002803,0.787390761548065,0.212609238451935,"132_A18","PTG_12h"
"132_A19",464053.111593886,463573.334492886,479.777101,4583,4533,50,"296",0.998966115970321,0.0010338840296795,0.989090115644774,0.0109098843552258,"132_A19","PTG_Lys3h"
"132_A1",418155.569453484,418063.053073485,92.51638,3895,3886,9,"297",0.999778751290767,0.000221248709232585,0.997689345314506,0.00231065468549422,"132_A1","LPS"
"132_A21",289902.486972522,289319.502476522,582.984496,4651,4574,77,"298",0.997989032442984,0.00201096755701602,0.983444420554719,0.0165555794452806,"132_A21","PTG_Lys3h"
"132_A4",541975.477786674,541860.397060674,115.080726,3626,3614,12,"299",0.999787664330368,0.00021233566963208,0.99669056811914,0.00330943188086045,"132_A4","LPS"
"132_A6",117590.811438077,117558.321605677,32.4898324,3919,3918,1,"300",0.999723704326872,0.000276295673128415,0.999744832865527,0.00025516713447308,"132_A6","LPS"
"132_A7",168322.555345519,134954.203334019,33368.3520115,5439,4086,1353,"301",0.801759473393188,0.198240526606812,0.751241036955323,0.248758963044677,"132_A7","PTG_3h"
"132_A8",272619.256218164,218156.074034164,54463.182184,6769,4437,2332,"302",0.800222541358503,0.199777458641497,0.65548825528143,0.34451174471857,"132_A8","PTG_3h"
"132_B10",361571.663749566,324348.848967566,37222.814782,5888,4945,943,"303",0.897052732517829,0.102947267482171,0.83984375,0.16015625,"132_B10","PTG_3h"
"132_B11",312310.345526619,288191.688531619,24118.656995,5782,4822,960,"304",0.922773429249258,0.0772265707507415,0.833967485299204,0.166032514700796,"132_B11","PTG_3h"
"132_B12",104739.76000336,74062.6561773602,30677.103826,6053,4055,1998,"305",0.707111188482618,0.292888811517382,0.669915744259045,0.330084255740955,"132_B12","PTG_3h"
"132_B13",90692.6430892246,78563.0173443246,12129.6257449,5469,4358,1111,"306",0.866255681478301,0.133744318521699,0.796855000914244,0.203144999085756,"132_B13","PTG_12h"
"132_B14",59987.4604630047,51555.6302784047,8431.8301846,4213,3370,843,"307",0.859440120993286,0.140559879006714,0.799905055779729,0.200094944220271,"132_B14","PTG_12h"
"132_B15",195505.942839658,152267.004300858,43238.9385388,7637,5227,2410,"308",0.778835681868444,0.221164318131556,0.684431059316486,0.315568940683514,"132_B15","PTG_12h"
"132_B16",60550.8351572128,47181.7069578128,13369.1281994,4201,3302,899,"309",0.779208194821943,0.220791805178057,0.786003332539871,0.213996667460129,"132_B16","PTG_12h"
"132_B17",123369.697203171,106449.846243971,16919.8509592,5763,4588,1175,"310",0.862852456131626,0.137147543868374,0.796113135519695,0.203886864480305,"132_B17","PTG_12h"
"132_B18",595040.941282449,540080.896257449,54960.045025,6821,5318,1503,"311",0.907636531855189,0.0923634681448113,0.779651077554611,0.220348922445389,"132_B18","PTG_12h"
"132_B19",140982.466835582,140590.897642582,391.569193,4276,4230,46,"312",0.997222568154828,0.00277743184517164,0.989242282507016,0.0107577174929841,"132_B19","PTG_Lys3h"
"132_B1",246259.517879131,246180.381448131,79.136431,4358,4346,12,"313",0.999678646203478,0.000321353796521448,0.997246443322625,0.00275355667737494,"132_B1","LPS"
"132_B20",525039.528097145,524197.201025145,842.327072,5372,5297,75,"314",0.998395688273124,0.00160431172687659,0.986038719285182,0.0139612807148176,"132_B20","PTG_Lys3h"
"132_B22",400673.299697493,400261.266428493,412.033269,6180,6116,64,"315",0.998971647800562,0.00102835219943801,0.989644012944984,0.0103559870550162,"132_B22","PTG_Lys3h"
"132_B23",226175.487410911,225759.175991411,416.3114195,4690,4638,52,"316",0.998159343329971,0.0018406566700292,0.988912579957356,0.0110874200426439,"132_B23","PTG_Lys3h"
"132_B3",114250.066555482,114219.564009282,30.5025462,4189,4188,1,"317",0.999733019444805,0.000266980555194578,0.999761279541657,0.00023872045834328,"132_B3","LPS"
"132_B4",126619.929215629,126587.746465929,32.1827497,3812,3811,1,"318",0.999745831877341,0.00025416812265938,0.999737670514166,0.000262329485834208,"132_B4","LPS"
"132_B5",134316.654948974,134284.777574374,31.8773746,2906,2905,1,"319",0.999762669978551,0.000237330021449015,0.999655884377151,0.000344115622849277,"132_B5","LPS"
"132_B6",20778.1401502747,20750.9683062747,27.171844,1717,1716,1,"320",0.998692286999535,0.00130771300046509,0.999417588817705,0.0005824111822947,"132_B6","LPS"
"132_B7",117411.239610536,40283.0050267363,77128.2345838,5920,2962,2958,"321",0.343093260580151,0.656906739419849,0.500337837837838,0.499662162162162,"132_B7","PTG_3h"
"132_B8",197807.118969272,143977.761256672,53829.3577126,6002,4099,1903,"322",0.727869461963287,0.272130538036713,0.682939020326558,0.317060979673442,"132_B8","PTG_3h"
"132_B9",611511.335802192,88326.5965441921,523184.739258,3894,1124,2770,"323",0.14443983516401,0.85556016483599,0.288649203903441,0.711350796096559,"132_B9","PTG_3h"
"132_C10",311715.352748984,275727.759366984,35987.593382,5835,4717,1118,"324",0.884549820646852,0.115450179353148,0.808397600685518,0.191602399314482,"132_C10","PTG_3h"
"132_C11",345784.23229568,242673.86551768,103110.366778,9875,6369,3506,"325",0.701807204760481,0.298192795239519,0.644962025316456,0.355037974683544,"132_C11","PTG_3h"
"132_C12",74863.2362362205,50226.7309742205,24636.505262,5373,3461,1912,"326",0.670913167789555,0.329086832210445,0.644146659222036,0.355853340777964,"132_C12","PTG_3h"
"132_C13",715270.113655273,395740.564773273,319529.548882,4721,3235,1486,"327",0.553274290674476,0.446725709325524,0.685236178775683,0.314763821224317,"132_C13","PTG_12h"
"132_C14",62815.2863060743,44831.2838846743,17984.0024214,4814,3408,1406,"328",0.713700223640293,0.286299776359707,0.70793518903199,0.29206481096801,"132_C14","PTG_12h"
"132_C15",465346.980261677,375023.697709677,90323.282552,7853,5580,2273,"329",0.805901216977472,0.194098783022528,0.710556475232395,0.289443524767605,"132_C15","PTG_12h"
"132_C16",300448.099737572,270983.473035572,29464.626702,5654,4512,1142,"330",0.901931059881104,0.0980689401188958,0.798019101521047,0.201980898478953,"132_C16","PTG_12h"
"132_C17",376429.623470867,320380.586311867,56049.037159,7154,5235,1919,"331",0.851103543227549,0.148896456772451,0.73175845680738,0.26824154319262,"132_C17","PTG_12h"
"132_C18",97204.5903260381,80865.5548157381,16339.0355103,5506,4207,1299,"332",0.831910864955075,0.168089135044925,0.764075553941155,0.235924446058845,"132_C18","PTG_12h"
"132_C19",149220.430099581,149155.038210681,65.3918889,3102,3097,5,"333",0.999561776568689,0.000438223431311393,0.998388136686009,0.00161186331399097,"132_C19","PTG_Lys3h"
"132_C1",361476.779934991,361396.040759991,80.739175,4263,4254,9,"334",0.999776640770634,0.000223359229366048,0.997888810696692,0.00211118930330753,"132_C1","LPS"
"132_C21",328823.852507917,328417.252310917,406.600197,4761,4702,59,"335",0.998763471098891,0.00123652890110887,0.987607645452636,0.012392354547364,"132_C21","PTG_Lys3h"
"132_C22",84694.0982495243,84394.3203365243,299.777913,4214,4164,50,"336",0.996460462780809,0.00353953721919087,0.988134788799241,0.0118652112007594,"132_C22","PTG_Lys3h"
"132_C23",234351.200351881,233996.536340881,354.664011,5229,5184,45,"337",0.998486613209288,0.00151338679071184,0.991394148020654,0.00860585197934595,"132_C23","PTG_Lys3h"
"132_C24",496349.079161411,494657.266102411,1691.813059,2335,2271,64,"338",0.99659148544839,0.00340851455161022,0.972591006423983,0.0274089935760171,"132_C24","PTG_Lys3h"
"132_C4",290144.107997385,290092.047665785,52.0603316,4262,4259,3,"339",0.999820570777882,0.000179429222117684,0.999296105114969,0.000703894885030502,"132_C4","LPS"
"132_C6",254200.860365381,254134.556879381,66.303486,4353,4345,8,"340",0.999739168915854,0.000260831084146204,0.998162186997473,0.00183781300252699,"132_C6","LPS"
"132_C8",277962.38398676,245957.28221876,32005.101768,5146,4237,909,"341",0.884858154873487,0.115141845126513,0.823357947920715,0.176642052079285,"132_C8","PTG_3h"
"132_C9",264565.133643679,158895.443071079,105669.6905726,3216,1968,1248,"342",0.600591018486518,0.399408981513481,0.611940298507463,0.388059701492537,"132_C9","PTG_3h"
"132_D10",1442389.98200282,128970.494628823,1313419.487374,4056,870,3186,"343",0.0894144414742412,0.910585558525759,0.214497041420118,0.785502958579882,"132_D10","PTG_3h"
"132_D11",117855.809599391,96822.7844309909,21033.0251684,5379,4031,1348,"344",0.82153594939533,0.178464050604669,0.749395798475553,0.250604201524447,"132_D11","PTG_3h"
"132_D12",95503.5800146318,80365.3291398318,15138.2508748,5367,4214,1153,"345",0.84149022609958,0.158509773900421,0.78516862306689,0.21483137693311,"132_D12","PTG_3h"
"132_D13",497017.262888766,413507.007557767,83510.255331,6565,5174,1391,"346",0.831977153377689,0.168022846622311,0.788118811881188,0.211881188118812,"132_D13","PTG_12h"
"132_D14",345093.67224492,303384.54435492,41709.12789,6482,4978,1504,"347",0.879136793153373,0.120863206846627,0.767972847886455,0.232027152113545,"132_D14","PTG_12h"
"132_D15",46692.2846228641,37907.7355463641,8784.5490765,4178,3210,968,"348",0.811862941651855,0.188137058348145,0.768310196266156,0.231689803733844,"132_D15","PTG_12h"
"132_D16",140898.91673534,119865.40720934,21033.509526,7059,5427,1632,"349",0.850719153749715,0.149280846250285,0.768805779855504,0.231194220144496,"132_D16","PTG_12h"
"132_D17",383342.543449812,362717.083094812,20625.460355,5727,5033,694,"350",0.946195743969909,0.0538042560300911,0.878819626331413,0.121180373668587,"132_D17","PTG_12h"
"132_D19",379175.192232026,378378.626761026,796.565471,5446,5330,116,"351",0.997899215224733,0.00210078477526706,0.978699963275799,0.0213000367242012,"132_D19","PTG_Lys3h"
"132_D1",83288.5734426915,83219.0827423915,69.4907003,3369,3362,7,"352",0.999165663458652,0.000834336541348191,0.997922232116355,0.002077767883645,"132_D1","LPS"
"132_D20",375171.980512083,374876.937723083,295.042789,5654,5614,40,"353",0.999213579893154,0.000786420106846165,0.992925362575168,0.00707463742483198,"132_D20","PTG_Lys3h"
"132_D22",257207.295257136,256957.523563836,249.7716933,3935,3913,22,"354",0.999028908985453,0.000971091014546448,0.99440914866582,0.00559085133418043,"132_D22","PTG_Lys3h"
"132_D4",80940.2181698516,80919.9542362516,20.2639336,3099,3099,0,"355",0.999749643205094,0.000250356794906044,1,0,"132_D4","LPS"
"132_D5",190518.59364578,190474.88867438,43.7049714,4601,4600,1,"356",0.999770599968414,0.000229400031585674,0.99978265594436,0.000217344055640078,"132_D5","LPS"
"132_D6",138907.972543048,138863.565583448,44.4069596,5676,5668,8,"357",0.9996803138165,0.000319686183499929,0.998590556730092,0.00140944326990839,"132_D6","LPS"
"132_D7",146218.812318063,129970.883926563,16247.9283915,5207,4269,938,"358",0.888879357355491,0.111120642644509,0.819857883618206,0.180142116381794,"132_D7","PTG_3h"
"132_D8",101598.83973421,77991.50112141,23607.3386128,6558,4631,1927,"359",0.767641651473988,0.232358348526012,0.706160414760598,0.293839585239402,"132_D8","PTG_3h"
"132_D9",109950.284501861,30560.9334868607,79389.351015,2397,949,1448,"360",0.27795229112248,0.72204770887752,0.395911556111806,0.604088443888194,"132_D9","PTG_3h"
"132_E10",143000.720580357,102868.486256357,40132.234324,6543,4440,2103,"361",0.719356418896867,0.280643581103133,0.678587803759743,0.321412196240257,"132_E10","PTG_3h"
"132_E11",61001.4551142367,40672.1704994367,20329.2846148,4516,3072,1444,"362",0.666740988772652,0.333259011227348,0.680248007085917,0.319751992914083,"132_E11","PTG_3h"
"132_E12",317592.529478233,228917.719578133,88674.8099001,7946,5246,2700,"363",0.720790630542279,0.279209369457721,0.660206393153788,0.339793606846212,"132_E12","PTG_3h"
"132_E13",133430.817623384,118998.091132484,14432.7264909,5552,4449,1103,"364",0.891833635227829,0.108166364772171,0.801332853025937,0.198667146974063,"132_E13","PTG_12h"
"132_E14",51880.199179734,33183.078795534,18697.1203842,4725,3094,1631,"365",0.639609703127283,0.360390296872717,0.654814814814815,0.345185185185185,"132_E14","PTG_12h"
"132_E15",307335.773502887,279151.587516887,28184.185986,5924,4678,1246,"366",0.908295133805062,0.0917048661949378,0.789669142471303,0.210330857528697,"132_E15","PTG_12h"
"132_E16",596077.731783191,477906.965026191,118170.766757,8264,6083,2181,"367",0.801752757306522,0.198247242693478,0.73608422071636,0.26391577928364,"132_E16","PTG_12h"
"132_E17",445541.292882933,320720.881427933,124820.411455,9922,6473,3449,"368",0.719845470108207,0.280154529891793,0.65238863132433,0.34761136867567,"132_E17","PTG_12h"
"132_E18",119010.215890824,67771.3775612241,51238.8383296,6429,3743,2686,"369",0.569458487693151,0.430541512306849,0.582205630735729,0.417794369264271,"132_E18","PTG_12h"
"132_E1",406091.328356569,406005.859592569,85.468764,3865,3853,12,"370",0.999789533146778,0.000210466853222126,0.996895213454075,0.00310478654592497,"132_E1","LPS"
"132_E20",136100.663953326,135915.586720926,185.0772324,4978,4954,24,"371",0.998640144529615,0.00135985547038529,0.99517878666131,0.00482121333869024,"132_E20","PTG_Lys3h"
"132_E21",375567.852783152,375386.378033152,181.47475,4345,4325,20,"372",0.999516799032039,0.00048320096796139,0.995397008055236,0.0046029919447641,"132_E21","PTG_Lys3h"
"132_E23",184474.541543864,184210.241476364,264.3000675,4127,4093,34,"373",0.99856728161356,0.00143271838644009,0.991761570147807,0.00823842985219288,"132_E23","PTG_Lys3h"
"132_E24",195577.052021143,195301.372696343,275.6793248,5062,5019,43,"374",0.998590431127011,0.00140956887298924,0.991505333860134,0.00849466613986567,"132_E24","PTG_Lys3h"
"132_E2",210353.18037358,210284.17252678,69.0078468,3989,3981,8,"375",0.999671942935793,0.00032805706420718,0.997994484833292,0.00200551516670845,"132_E2","LPS"
"132_E3",229095.619701268,229037.387569668,58.2321316,4208,4198,10,"376",0.99974581735052,0.000254182649480302,0.997623574144487,0.00237642585551331,"132_E3","LPS"
"132_E6",168627.417561293,168581.624865293,45.792696,4353,4350,3,"377",0.999728438609437,0.000271561390563045,0.999310820124052,0.000689179875947622,"132_E6","LPS"
"132_E7",154370.62306545,122798.06822145,31572.554844,6253,4556,1697,"378",0.795475627311461,0.204524372688539,0.728610267071806,0.271389732928194,"132_E7","PTG_3h"
"132_E9",3248572.06041,11272.43254,3237299.62787,1706,102,1604,"379",0.00346996536643774,0.996530034633562,0.05978898007034,0.94021101992966,"132_E9","PTG_3h"
"132_F10",106758.492580243,66826.391026843,39932.1015534,6189,3677,2512,"380",0.625958548230851,0.374041451769149,0.594118597511714,0.405881402488286,"132_F10","PTG_3h"
"132_F11",26847.1448201234,18797.8208116234,8049.3240085,2630,1854,776,"381",0.700179513969523,0.299820486030477,0.704942965779468,0.295057034220532,"132_F11","PTG_3h"
"132_F13",253605.116316883,222072.414307283,31532.7020096,6069,4848,1221,"382",0.875662200875319,0.124337799124681,0.798813643104301,0.201186356895699,"132_F13","PTG_12h"
"132_F14",340318.361158318,265101.306164318,75217.054994,9730,6389,3341,"383",0.778980320844315,0.221019679155685,0.656628982528263,0.343371017471737,"132_F14","PTG_12h"
"132_F15",318326.282069484,283373.472308484,34952.809761,7021,5492,1529,"384",0.890198165436524,0.109801834563477,0.782224754308503,0.217775245691497,"132_F15","PTG_12h"
"132_F16",146749.098060227,106961.084672327,39788.0133879,7490,5168,2322,"385",0.728870474068804,0.271129525931196,0.689986648865153,0.310013351134846,"132_F16","PTG_12h"
"132_F17",344462.501782283,303440.692814283,41021.808968,8834,6790,2044,"386",0.880910668778897,0.119089331221103,0.768621236133122,0.231378763866878,"132_F17","PTG_12h"
"132_F18",158005.383313883,131618.895956883,26386.487357,7812,5802,2010,"387",0.833002605331602,0.166997394668398,0.742703533026114,0.257296466973886,"132_F18","PTG_12h"
"132_F1",232884.063883112,232820.401350112,63.662533,4559,4552,7,"388",0.999726634223319,0.000273365776680852,0.998464575564817,0.00153542443518315,"132_F1","LPS"
"132_F20",223917.313924436,223843.561782536,73.7521419,4822,4816,6,"389",0.999670627783947,0.000329372216053327,0.998755703027789,0.0012442969722107,"132_F20","PTG_Lys3h"
"132_F21",311489.898811796,310207.493879796,1282.404932,4998,4841,157,"390",0.995882996729936,0.00411700327006378,0.96858743497399,0.0314125650260104,"132_F21","PTG_Lys3h"
"132_F22",177618.279076208,176870.945050408,747.3340258,4257,4153,104,"391",0.995792471193354,0.0042075288066458,0.975569649988255,0.0244303500117454,"132_F22","PTG_Lys3h"
"132_F23",633665.49202934,633268.95889134,396.533138,5713,5642,71,"392",0.99937422324083,0.000625776759170025,0.987572203745843,0.0124277962541572,"132_F23","PTG_Lys3h"
"132_F24",430599.23734211,429822.89904311,776.338299,6831,6747,84,"393",0.998197074607489,0.00180292539251109,0.987703118137901,0.0122968818620993,"132_F24","PTG_Lys3h"
"132_F2",111531.050040052,111504.578174252,26.4718658,4068,4066,2,"394",0.999762650259363,0.000237349740637192,0.999508357915438,0.000491642084562439,"132_F2","LPS"
"132_F3",79769.764433425,79749.609302825,20.1551306,3506,3506,0,"395",0.999747333707914,0.000252666292086411,1,0,"132_F3","LPS"
"132_F8",330711.400702565,216043.834432565,114667.56627,7327,4498,2829,"396",0.653269993031992,0.346730006968008,0.613893817387744,0.386106182612256,"132_F8","PTG_3h"
"132_G10",273844.851371217,45637.7885592166,228207.062812,1530,291,1239,"397",0.166655638514639,0.833344361485361,0.190196078431373,0.809803921568627,"132_G10","PTG_3h"
"132_G11",476077.040222978,377159.118942978,98917.92128,6571,4797,1774,"398",0.79222286957239,0.20777713042761,0.730025871252473,0.269974128747527,"132_G11","PTG_3h"
"132_G12",35669.0997500896,26767.7717160896,8901.328034,2988,2168,820,"399",0.750447078946038,0.249552921053962,0.725568942436412,0.274431057563588,"132_G12","PTG_3h"
"132_G13",36430.9421267481,29468.8345384481,6962.1075883,3520,2766,754,"400",0.808895757785294,0.191104242214706,0.785795454545455,0.214204545454545,"132_G13","PTG_12h"
"132_G14",320996.780916037,258364.194157037,62632.586759,9919,6800,3119,"401",0.804880950580676,0.195119049419324,0.685552979130961,0.314447020869039,"132_G14","PTG_12h"
"132_G15",280170.552876048,246837.189272048,33333.363604,5707,4676,1031,"402",0.881024742743941,0.118975257256059,0.81934466444717,0.18065533555283,"132_G15","PTG_12h"
"132_G16",61652.4496348419,55818.7239082419,5833.7257266,4255,3633,622,"403",0.905377227325885,0.0946227726741155,0.853819036427732,0.146180963572268,"132_G16","PTG_12h"
"132_G17",318128.174006583,155585.698036583,162542.47597,9395,5249,4146,"404",0.489066076974885,0.510933923025115,0.55870143693454,0.44129856306546,"132_G17","PTG_12h"
"132_G18",47368.8764927392,47038.8477082392,330.0287845,3251,3225,26,"405",0.993032792649186,0.00696720735081372,0.992002460781298,0.00799753921870194,"132_G18","PTG_12h"
"132_G19",239114.013960815,239014.229452615,99.7845082,4352,4343,9,"406",0.999582690673177,0.000417309326823279,0.997931985294118,0.00206801470588235,"132_G19","PTG_Lys3h"
"132_G1",511062.77123919,510962.53890919,100.23233,4366,4356,10,"407",0.999803874718252,0.000196125281747609,0.99770957398076,0.00229042601923958,"132_G1","LPS"
"132_G20",117429.193528685,117030.760925285,398.4326034,4209,4148,61,"408",0.996607039600398,0.00339296039960178,0.985507246376812,0.0144927536231884,"132_G20","PTG_Lys3h"
"132_G23",522971.653075897,522517.234452897,454.418623,6203,6150,53,"409",0.999131083644157,0.000868916355843195,0.991455747219088,0.00854425278091246,"132_G23","PTG_Lys3h"
"132_G24",296181.232354469,294194.608147469,1986.624207,5995,5701,294,"410",0.993292538520393,0.00670746147960655,0.950959132610509,0.0490408673894912,"132_G24","PTG_Lys3h"
"132_G4",101961.101569197,101932.294712397,28.8068568,3996,3996,0,"411",0.999717472091252,0.00028252790874812,1,0,"132_G4","LPS"
"132_G5",216993.46375021,216937.96759811,55.4961521,4615,4610,5,"412",0.999744249660147,0.000255750339853019,0.998916576381365,0.00108342361863489,"132_G5","LPS"
"132_G6",252109.604816535,252044.826677035,64.7781395,4092,4085,7,"413",0.999743055646185,0.000256944353814446,0.998289345063539,0.00171065493646139,"132_G6","LPS"
"132_G7",342797.974635438,213000.562218638,129797.4124168,7588,4852,2736,"414",0.621358870177579,0.378641129822421,0.639430680021086,0.360569319978914,"132_G7","PTG_3h"
"132_G8",92573.4864141568,69691.5286995568,22881.9577146,4694,3456,1238,"415",0.752823852693304,0.247176147306695,0.736259054111632,0.263740945888368,"132_G8","PTG_3h"
"132_H10",985738.103770775,53265.7706607755,932472.33311,2451,395,2056,"416",0.0540364326559116,0.945963567344088,0.161158710730314,0.838841289269686,"132_H10","PTG_3h"
"132_H12",520694.718269694,322632.850166694,198061.868103,7251,4552,2699,"417",0.61961997855255,0.38038002144745,0.627775479244242,0.372224520755758,"132_H12","PTG_3h"
"132_H13",771500.139132768,661502.320020768,109997.819112,3770,2968,802,"418",0.857423461730484,0.142576538269516,0.787267904509284,0.212732095490716,"132_H13","PTG_12h"
"132_H14",396401.237820878,345926.193561878,50475.044259,5189,4054,1135,"419",0.872666784451848,0.127333215548152,0.781268067064945,0.218731932935055,"132_H14","PTG_12h"
"132_H15",172523.88025761,149230.22377611,23293.6564815,7033,5346,1687,"420",0.864983001502643,0.135016998497357,0.760130811886819,0.239869188113181,"132_H15","PTG_12h"
"132_H16",685908.718815356,632250.000488357,53658.718327,7004,5818,1186,"421",0.921769884453904,0.078230115546096,0.830668189605939,0.169331810394061,"132_H16","PTG_12h"
"132_H17",29383.8771258203,23736.9582458203,5646.91888,3035,2378,657,"422",0.807822539693446,0.192177460306554,0.783525535420099,0.216474464579901,"132_H17","PTG_12h"
"132_H18",400582.106567164,344495.117894164,56086.988673,8196,6254,1942,"423",0.859986285574151,0.140013714425849,0.763055148853099,0.236944851146901,"132_H18","PTG_12h"
"132_H19",347205.10636207,346711.57701307,493.529349,4937,4871,66,"424",0.998578565407142,0.00142143459285804,0.986631557626089,0.0133684423739113,"132_H19","PTG_Lys3h"
"132_H1",288422.806221067,288363.973274867,58.8329462,4087,4081,6,"425",0.999796018397537,0.000203981602463525,0.998531930511378,0.00146806948862246,"132_H1","LPS"
"132_H21",320876.957910313,320782.875377713,94.0825326,4604,4595,9,"426",0.99970679561034,0.000293204389659841,0.998045178105995,0.00195482189400521,"132_H21","PTG_Lys3h"
"132_H22",412376.293326861,411323.823349861,1052.469977,6080,5935,145,"427",0.997447792237257,0.002552207762743,0.976151315789474,0.0238486842105263,"132_H22","PTG_Lys3h"
"132_H2",141691.569027347,141649.763657447,41.8053699,3867,3863,4,"428",0.999704955134685,0.00029504486531539,0.99896560641324,0.00103439358675976,"132_H2","LPS"
"132_H3",228746.234120038,228700.393189838,45.8409302,4440,4436,4,"429",0.999799599191758,0.000200400808242134,0.999099099099099,0.000900900900900901,"132_H3","LPS"
"132_H5",326603.171949848,326541.064889548,62.1070603,4299,4294,5,"430",0.999809839384201,0.000190160615799337,0.998836938822982,0.00116306117701791,"132_H5","LPS"
"132_H7",118374.226516159,58822.4075551585,59551.818961,3202,1745,1457,"431",0.496919044680128,0.503080955319872,0.544971892567146,0.455028107432854,"132_H7","PTG_3h"
"132_H8",157149.466862193,108993.548905193,48155.917957,6006,4055,1951,"432",0.693566138539759,0.306433861460241,0.675158175158175,0.324841824841825,"132_H8","PTG_3h"
"132_H9",73485.3743354773,65338.1104109773,8147.2639245,3972,3283,689,"433",0.889130810066968,0.110869189933032,0.826535750251762,0.173464249748238,"132_H9","PTG_3h"
"132_I10",107721.163680716,66375.9412808158,41345.2223999,5468,3195,2273,"434",0.616182920911932,0.383817079088068,0.584308705193855,0.415691294806145,"132_I10","PTG_3h"
"132_I11",77914.3412952059,65970.8043465059,11943.5369487,4087,3089,998,"435",0.84670938943772,0.15329061056228,0.755811108392464,0.244188891607536,"132_I11","PTG_3h"
"132_I13",383509.881651956,319472.530245956,64037.351406,8418,5886,2532,"436",0.833022942902641,0.166977057097359,0.699215965787598,0.300784034212402,"132_I13","PTG_12h"
"132_I15",116706.281533235,103012.367372735,13693.9141605,5570,4767,803,"437",0.882663435244483,0.117336564755516,0.855834829443447,0.144165170556553,"132_I15","PTG_12h"
"132_I16",551579.294137382,462819.365073382,88759.929064,8424,6227,2197,"438",0.839080382444718,0.160919617555282,0.739197530864197,0.260802469135802,"132_I16","PTG_12h"
"132_I17",227445.51757259,195334.60625159,32110.911321,8071,6022,2049,"439",0.858819326651484,0.141180673348516,0.74612811299715,0.25387188700285,"132_I17","PTG_12h"
"132_I18",75125.504595124,69898.919568424,5226.5850267,4535,3970,565,"440",0.930428620015695,0.0695713799843047,0.875413450937156,0.124586549062845,"132_I18","PTG_12h"
"132_I19",263190.916689094,262779.692654494,411.2240346,4858,4810,48,"441",0.998437544730749,0.00156245526925147,0.99011939069576,0.00988060930424043,"132_I19","PTG_Lys3h"
"132_I1",228377.960728035,228326.038076435,51.9226516,4626,4618,8,"442",0.999772645961832,0.000227354038167599,0.998270644185041,0.00172935581495893,"132_I1","LPS"
"132_I20",142097.080859461,141894.585954261,202.4949052,3647,3626,21,"443",0.998574953799366,0.0014250462006343,0.994241842610365,0.00575815738963532,"132_I20","PTG_Lys3h"
"132_I22",474357.307690211,473436.661798211,920.645892,4800,4720,80,"444",0.998059172111245,0.00194082788875522,0.983333333333333,0.0166666666666667,"132_I22","PTG_Lys3h"
"132_I23",227828.548090923,227601.684792723,226.8632982,4683,4653,30,"445",0.999004236738104,0.000995763261895793,0.993593850096092,0.00640614990390775,"132_I23","PTG_Lys3h"
"132_I3",239151.420944444,239081.959102444,69.461842,2103,2095,8,"446",0.999709548696279,0.000290451303720818,0.996195910603899,0.00380408939610081,"132_I3","LPS"
"132_I4",29066.9604436723,29055.3585560723,11.6018876,2317,2317,0,"447",0.999600856524972,0.000399143475028386,1,0,"132_I4","LPS"
"132_I5",205590.737869231,205523.741813831,66.9960554,3781,3775,6,"448",0.999674129019165,0.000325870980834817,0.998413118222692,0.00158688177730759,"132_I5","LPS"
"132_I6",180275.715848043,180228.256677643,47.4591704,4277,4272,5,"449",0.999736741190145,0.000263258809855478,0.998830956277765,0.00116904372223521,"132_I6","LPS"
"132_I7",59248.6157670059,54203.5810968059,5045.0346702,4266,3736,530,"450",0.914849746194249,0.0851502538057514,0.875761837787154,0.124238162212846,"132_I7","PTG_3h"
"132_I9",651982.800019255,254043.786103255,397939.013916,4342,1877,2465,"451",0.389647987793163,0.610352012206837,0.432289267618609,0.567710732381391,"132_I9","PTG_3h"
"132_J10",276652.413288152,254524.201194652,22128.2120935,5570,4433,1137,"452",0.920014389787911,0.0799856102120894,0.795870736086176,0.204129263913824,"132_J10","PTG_3h"
"132_J11",245092.744820704,190687.870481104,54404.8743396,8431,5956,2475,"453",0.778023317746923,0.221976682253077,0.706440517139129,0.293559482860871,"132_J11","PTG_3h"
"132_J12",104266.060533119,96094.948685719,8171.1118474,4869,4062,807,"454",0.921632103432118,0.0783678965678821,0.834257547751078,0.165742452248922,"132_J12","PTG_3h"
"132_J13",26530.0610803283,20465.4807011283,6064.5803792,2548,1968,580,"455",0.771407221384168,0.228592778615832,0.772370486656201,0.227629513343799,"132_J13","PTG_12h"
"132_J14",279961.352874101,201487.821395301,78473.5314788,6025,3986,2039,"456",0.71969869886259,0.28030130113741,0.661576763485477,0.338423236514523,"132_J14","PTG_12h"
"132_J15",273754.545846293,224039.018622293,49715.527224,8565,5938,2627,"457",0.818393783853678,0.181606216146322,0.693286631640397,0.306713368359603,"132_J15","PTG_12h"
"132_J16",73887.7198577225,61372.0373701225,12515.6824876,4664,3701,963,"458",0.83061214351045,0.16938785648955,0.79352487135506,0.20647512864494,"132_J16","PTG_12h"
"132_J17",50572.748921467,45443.745490167,5129.0034313,3913,3313,600,"459",0.898581676086766,0.101418323913234,0.846664962944033,0.153335037055967,"132_J17","PTG_12h"
"132_J18",236125.349468699,202608.876953499,33516.4725152,8932,6548,2384,"460",0.858056440824271,0.141943559175729,0.733094491715181,0.266905508284819,"132_J18","PTG_12h"
"132_J21",304812.456238967,303664.477198967,1147.97904,5220,5054,166,"461",0.99623381847919,0.00376618152081031,0.968199233716475,0.0318007662835249,"132_J21","PTG_Lys3h"
"132_J22",378159.589715203,377479.767560203,679.822155,5329,5255,74,"462",0.998202287675656,0.00179771232434429,0.986113717395384,0.0138862826046163,"132_J22","PTG_Lys3h"
"132_J23",174456.24355286,173422.26089976,1033.9826531,4699,4552,147,"463",0.994073111789853,0.00592688821014712,0.968716748244307,0.0312832517556927,"132_J23","PTG_Lys3h"
"132_J2",143201.742166345,143155.043020345,46.699146,3787,3784,3,"464",0.999673892612663,0.000326107387337185,0.999207816213362,0.0007921837866385,"132_J2","LPS"
"132_J3",92787.105612215,92754.791397915,32.3142143,3515,3512,3,"465",0.999651738093491,0.00034826190650941,0.999146514935989,0.00085348506401138,"132_J3","LPS"
"132_J5",99774.5290904127,99735.7461794127,38.782911,3850,3848,2,"466",0.999611294472111,0.000388705527889348,0.99948051948052,0.000519480519480519,"132_J5","LPS"
"132_J7",1105564.06540955,89552.8360595544,1016011.22935,3826,707,3119,"467",0.0810019417792669,0.918998058220733,0.184788290642969,0.815211709357031,"132_J7","PTG_3h"
"132_J8",53167.2943926974,41317.2857693974,11850.0086233,4058,2764,1294,"468",0.777118456775795,0.222881543224205,0.681123706259241,0.318876293740759,"132_J8","PTG_3h"
"132_J9",194878.964688763,184736.736857763,10142.227831,7680,6655,1025,"469",0.947956272000942,0.0520437279990581,0.866536458333333,0.133463541666667,"132_J9","PTG_3h"
"132_K10",212173.028492064,148103.073650764,64069.9548413,7604,5045,2559,"470",0.698029691631156,0.301970308368844,0.663466596528143,0.336533403471857,"132_K10","PTG_3h"
"132_K11",359488.611162044,257042.014673044,102446.596489,7649,4866,2783,"471",0.715021301626658,0.284978698373342,0.636161589750294,0.363838410249706,"132_K11","PTG_3h"
"132_K12",400900.255913682,337671.386737682,63228.869176,5860,4546,1314,"472",0.842282791683691,0.157717208316309,0.775767918088737,0.224232081911263,"132_K12","PTG_3h"
"132_K13",53213.4583378363,22410.8361998363,30802.622138,3579,1866,1713,"473",0.421149778643527,0.578850221356473,0.521374685666387,0.478625314333613,"132_K13","PTG_12h"
"132_K14",366152.198414926,317563.357361926,48588.841053,6446,5036,1410,"474",0.867298786506428,0.132701213493572,0.781259695935464,0.218740304064536,"132_K14","PTG_12h"
"132_K15",136352.689576246,98770.8563626456,37581.8332136,7309,4919,2390,"475",0.724377763794787,0.275622236205213,0.673005883157751,0.326994116842249,"132_K15","PTG_12h"
"132_K16",228332.001051245,206473.418514345,21858.5825369,5632,4586,1046,"476",0.904268423014458,0.0957315769855416,0.814275568181818,0.185724431818182,"132_K16","PTG_12h"
"132_K17",173534.478376571,128539.841472171,44994.6369044,8450,5862,2588,"477",0.740716442488383,0.259283557511617,0.693727810650888,0.306272189349112,"132_K17","PTG_12h"
"132_K18",119983.204748088,108691.230953588,11291.9737945,6069,5112,957,"478",0.905887046289452,0.094112953710548,0.842313395946614,0.157686604053386,"132_K18","PTG_12h"
"132_K19",310548.19056347,309363.72632707,1184.4642364,4879,4750,129,"479",0.996185892327207,0.00381410767279264,0.973560155769625,0.0264398442303751,"132_K19","PTG_Lys3h"
"132_K1",254496.868902399,254415.000503599,81.8683988,4123,4115,8,"480",0.999678312746428,0.000321687253572448,0.998059665292263,0.00194033470773708,"132_K1","LPS"
"132_K20",463823.13300662,462189.86020062,1633.272806,4283,4149,134,"481",0.996478673248976,0.00352132675102405,0.968713518561756,0.0312864814382442,"132_K20","PTG_Lys3h"
"132_K21",32273.5805678255,32122.6387728255,150.941795,2949,2928,21,"482",0.995323053954835,0.00467694604516483,0.992878942014242,0.00712105798575788,"132_K21","PTG_Lys3h"
"132_K23",266954.429525851,266117.810814051,836.6187118,5121,5017,104,"483",0.996866061697174,0.00313393830282552,0.979691466510447,0.0203085334895528,"132_K23","PTG_Lys3h"
"132_K24",120017.048352987,118637.592245287,1379.4561077,4356,4166,190,"484",0.988506165360418,0.0114938346395825,0.956382001836547,0.0436179981634527,"132_K24","PTG_Lys3h"
"132_K3",289650.852658146,289535.372331046,115.4803271,5444,5431,13,"485",0.999601311972535,0.000398688027465582,0.997612049963262,0.00238795003673769,"132_K3","LPS"
"132_K4",50380.4731049662,50364.2993906662,16.1737143,3117,3117,0,"486",0.999678968590344,0.000321031409655533,1,0,"132_K4","LPS"
"132_K5",232112.039405006,232010.597867506,101.4415375,5202,5187,15,"487",0.999562963051119,0.000437036948880526,0.997116493656286,0.00288350634371396,"132_K5","LPS"
"132_K7",200000.401826948,43799.8100866481,156200.5917403,5234,1905,3329,"488",0.218998610435524,0.781001389564476,0.363966373710355,0.636033626289645,"132_K7","PTG_3h"
"132_K8",93212.8714450094,54246.9647716094,38965.9066734,4067,2722,1345,"489",0.581968605093473,0.418031394906527,0.669289402507991,0.330710597492009,"132_K8","PTG_3h"
"132_K9",268253.180980304,204926.935868304,63326.245112,6566,4695,1871,"490",0.763931056173945,0.236068943826055,0.715047212915017,0.284952787084983,"132_K9","PTG_3h"
"132_L10",237930.965465427,211706.705954427,26224.259511,5602,4683,919,"491",0.889782065736162,0.110217934263838,0.835951445912174,0.164048554087826,"132_L10","PTG_3h"
"132_L11",269714.152633158,247949.385937958,21764.7666952,6317,5350,967,"492",0.919304320953441,0.0806956790465592,0.846921006807029,0.153078993192971,"132_L11","PTG_3h"
"132_L12",209329.495173404,193621.857884004,15707.6372894,5400,4721,679,"493",0.924962140302358,0.0750378596976415,0.874259259259259,0.125740740740741,"132_L12","PTG_3h"
"132_L13",288538.881648298,253985.690037298,34553.191611,6828,5106,1722,"494",0.880247710763927,0.119752289236073,0.74780316344464,0.25219683655536,"132_L13","PTG_12h"
"132_L14",126340.370891562,111746.879891562,14593.491,5783,4717,1066,"495",0.884490674698702,0.115509325301298,0.815666609026457,0.184333390973543,"132_L14","PTG_12h"
"132_L15",63067.0019679232,51579.4903412232,11487.5116267,4863,3759,1104,"496",0.817852263969314,0.182147736030686,0.772979642196175,0.227020357803825,"132_L15","PTG_12h"
"132_L17",527038.4244902,354679.9965502,172358.42794,9237,5755,3482,"497",0.672968003980505,0.327031996019495,0.623037782829923,0.376962217170077,"132_L17","PTG_12h"
"132_L18",392625.451832372,322424.164408372,70201.287424,6251,4816,1435,"498",0.821200365140944,0.178799634859056,0.77043673012318,0.22956326987682,"132_L18","PTG_12h"
"132_L19",236516.476651024,236118.204544424,398.2721066,4743,4693,50,"499",0.998316091495022,0.00168390850497762,0.989458148850938,0.0105418511490618,"132_L19","PTG_Lys3h"
"132_L21",47025.6891080451,46059.4151882451,966.2739198,2733,2588,145,"500",0.979452211373662,0.0205477886263381,0.946944749359678,0.053055250640322,"132_L21","PTG_Lys3h"
"132_L22",209705.069038758,209570.868294158,134.2007446,4162,4151,11,"501",0.99936005006834,0.000639949931659481,0.997357039884671,0.00264296011532917,"132_L22","PTG_Lys3h"
"132_L2",201885.045682913,201818.119939913,66.925743,2096,2088,8,"502",0.999668495787919,0.000331504212080748,0.99618320610687,0.00381679389312977,"132_L2","LPS"
"132_L3",20477.5079760323,20456.5510010323,20.956975,1915,1915,0,"503",0.998976585675145,0.0010234143248548,1,0,"132_L3","LPS"
"132_L5",32700.3375466813,32648.0146818813,52.3228648,1536,1532,4,"504",0.998399928908217,0.00160007109178327,0.997395833333333,0.00260416666666667,"132_L5","LPS"
"132_L7",410774.519313839,330479.294949839,80295.224364,6536,4524,2012,"505",0.804527251354038,0.195472748645962,0.692166462668299,0.307833537331701,"132_L7","PTG_3h"
"132_L9",90690.9273638235,72819.6090676235,17871.3182962,5645,4191,1454,"506",0.802942600592164,0.197057399407836,0.742426926483614,0.257573073516386,"132_L9","PTG_3h"
"132_M10",208740.250339426,196426.330627626,12313.9197118,6868,5896,972,"507",0.941008407857245,0.058991592142755,0.858474082702388,0.141525917297612,"132_M10","PTG_3h"
"132_M11",481833.139237938,374345.425747938,107487.71349,8433,6137,2296,"508",0.776919218009784,0.223080781990216,0.727736274161034,0.272263725838966,"132_M11","PTG_3h"
"132_M12",401588.854490177,343224.377921177,58364.476569,5671,4294,1377,"509",0.854666094647735,0.145333905352265,0.757185681537648,0.242814318462352,"132_M12","PTG_3h"
"132_M13",32145.8008475289,20387.5788053289,11758.2220422,2994,1939,1055,"510",0.634222146215285,0.365777853784715,0.647628590514362,0.352371409485638,"132_M13","PTG_12h"
"132_M14",35178.6380084048,24892.2691253048,10286.3688831,3608,2544,1064,"511",0.707596158764236,0.292403841235764,0.70509977827051,0.29490022172949,"132_M14","PTG_12h"
"132_M15",175380.215722719,132208.356305019,43171.8594177,6641,4004,2637,"512",0.753838486058451,0.246161513941549,0.602921246800181,0.397078753199819,"132_M15","PTG_12h"
"132_M16",1103057.52667454,954471.097746537,148586.428928,7592,5535,2057,"513",0.865295847827671,0.134704152172329,0.729056902002107,0.270943097997893,"132_M16","PTG_12h"
"132_M18",53556.1743053406,36777.2059097406,16778.9683956,4388,2903,1485,"514",0.686703379895326,0.313296620104674,0.661577028258888,0.338422971741112,"132_M18","PTG_12h"
"132_M20",155060.641667152,152941.238159152,2119.403508,1170,1075,95,"515",0.986331776489424,0.0136682235105762,0.918803418803419,0.0811965811965812,"132_M20","PTG_Lys3h"
"132_M21",390176.576717638,389279.560026638,897.016691,4745,4648,97,"516",0.997700998100536,0.00229900189946346,0.979557428872497,0.0204425711275026,"132_M21","PTG_Lys3h"
"132_M22",169370.868777351,169196.805577551,174.0631998,3150,3132,18,"517",0.998972295524865,0.00102770447513508,0.994285714285714,0.00571428571428571,"132_M22","PTG_Lys3h"
"132_M23",464677.393100481,464383.855607481,293.537493,4166,4133,33,"518",0.999368298313285,0.000631701686715208,0.992078732597216,0.00792126740278445,"132_M23","PTG_Lys3h"
"132_M24",332231.788372103,332142.346495103,89.441877,4512,4498,14,"519",0.999730784710764,0.000269215289236032,0.996897163120567,0.00310283687943262,"132_M24","PTG_Lys3h"
"132_M3",71003.4619993849,70953.9688873849,49.493112,2923,2918,5,"520",0.99930294790414,0.000697052095860181,0.998289428669175,0.0017105713308245,"132_M3","LPS"
"132_M5",119383.425938129,119341.884877529,41.5410606,3578,3573,5,"521",0.99965203661837,0.000347963381629948,0.998602571268865,0.00139742873113471,"132_M5","LPS"
"132_M7",318705.262394512,257005.485196512,61699.777198,7685,5552,2133,"522",0.806404899829911,0.193595100170089,0.722446324007807,0.277553675992193,"132_M7","PTG_3h"
"132_M8",211951.212099031,158321.182828231,53630.0292708,5930,4087,1843,"523",0.746969933600841,0.253030066399159,0.68920741989882,0.31079258010118,"132_M8","PTG_3h"
"132_M9",87967.3676194071,84074.0451283071,3893.3224911,5144,4711,433,"524",0.955741286837813,0.044258713162187,0.915824261275272,0.0841757387247278,"132_M9","PTG_3h"
"132_N10",45979.5736541149,34243.4599843149,11736.1136698,3808,2789,1019,"525",0.744753751783654,0.255246248216346,0.732405462184874,0.267594537815126,"132_N10","PTG_3h"
"132_N11",645649.511953322,422558.720027322,223090.791926,9819,6224,3595,"526",0.6544707495386,0.3455292504614,0.633873103167329,0.366126896832671,"132_N11","PTG_3h"
"132_N12",369672.85645746,340951.34085246,28721.515605,10911,8198,2713,"527",0.922305586944534,0.0776944130554664,0.75135184676015,0.24864815323985,"132_N12","PTG_3h"
"132_N13",662709.209914705,548924.541422705,113784.668492,8904,6525,2379,"528",0.828303776694691,0.171696223305309,0.732816711590296,0.267183288409704,"132_N13","PTG_12h"
"132_N14",483661.372675108,343465.227099108,140196.145576,7944,5305,2639,"529",0.710135740630719,0.289864259369281,0.667799597180262,0.332200402819738,"132_N14","PTG_12h"
"132_N15",596675.878596456,486245.082565457,110430.796031,6387,4536,1851,"530",0.814923310976198,0.185076689023802,0.710192578675435,0.289807421324566,"132_N15","PTG_12h"
"132_N16",55032.6605474459,40110.3997228459,14922.2608246,4682,3255,1427,"531",0.728847184995991,0.271152815004009,0.695215719777873,0.304784280222127,"132_N16","PTG_12h"
"132_N17",383895.624433117,355256.900834117,28638.723599,5820,4962,858,"532",0.925399713421351,0.0746002865786491,0.852577319587629,0.147422680412371,"132_N17","PTG_12h"
"132_N18",115579.583062037,66805.574308837,48774.0087532,6752,3951,2801,"533",0.578004977513886,0.421995022486114,0.585159952606635,0.414840047393365,"132_N18","PTG_12h"
"132_N21",95452.1127449731,95246.2689039731,205.843841,3252,3226,26,"534",0.997843485753427,0.00215651424657272,0.9920049200492,0.00799507995079951,"132_N21","PTG_Lys3h"
"132_N22",325858.99876879,325347.94246379,511.056305,5197,5129,68,"535",0.998431664287526,0.00156833571247365,0.98691552818934,0.01308447181066,"132_N22","PTG_Lys3h"
"132_N23",220706.12831056,220601.60668196,104.5216286,4180,4169,11,"536",0.99952642172014,0.000473578279860564,0.997368421052632,0.00263157894736842,"132_N23","PTG_Lys3h"
"132_N24",140577.786498115,140455.199765715,122.5867324,4365,4348,17,"537",0.999127979352544,0.000872020647455877,0.99610538373425,0.00389461626575029,"132_N24","PTG_Lys3h"
"132_N5",245254.354120024,245188.496348224,65.8577718,3540,3535,5,"538",0.999731471549053,0.000268528450947583,0.998587570621469,0.00141242937853107,"132_N5","LPS"
"132_N7",287768.836776695,238102.196389695,49666.640387,5856,4586,1270,"539",0.82740785644715,0.17259214355285,0.783128415300546,0.216871584699454,"132_N7","PTG_3h"
"132_N9",327021.020431609,144798.893991609,182222.12644,9850,5345,4505,"540",0.442781610186711,0.557218389813289,0.542639593908629,0.457360406091371,"132_N9","PTG_3h"
"132_O10",90713.2733922728,26625.1361452728,64088.137247,2294,962,1332,"541",0.293508713219259,0.706491286780741,0.419354838709677,0.580645161290323,"132_O10","PTG_3h"
"132_O11",217775.680352082,173025.713811482,44749.9665406,6005,4287,1718,"542",0.794513480714412,0.205486519285588,0.713905079100749,0.286094920899251,"132_O11","PTG_3h"
"132_O12",203839.730876441,181019.111418841,22820.6194576,6050,4906,1144,"543",0.888046263800099,0.111953736199901,0.810909090909091,0.189090909090909,"132_O12","PTG_3h"
"132_O13",104306.365720021,86463.4366664212,17842.9290536,6195,4559,1636,"544",0.828937295145591,0.171062704854409,0.73591606133979,0.26408393866021,"132_O13","PTG_12h"
"132_O14",55381.2981716276,28552.6989161276,26828.5992555,4021,2559,1462,"545",0.515565720898096,0.484434279101904,0.636408853519025,0.363591146480975,"132_O14","PTG_12h"
"132_O15",26110.6354030304,20966.5191650304,5144.116238,2549,1983,566,"546",0.802987703723098,0.197012296276902,0.77795213809337,0.22204786190663,"132_O15","PTG_12h"
"132_O16",139831.621043534,112992.781675634,26838.8393679,7385,5255,2130,"547",0.808063160767162,0.191936839232838,0.711577522004062,0.288422477995938,"132_O16","PTG_12h"
"132_O17",51913.603881985,32509.130635085,19404.4732469,4413,2875,1538,"548",0.626216024396763,0.373783975603237,0.651484251076365,0.348515748923635,"132_O17","PTG_12h"
"132_O18",46863.7738064084,46147.6864465084,716.0873599,3457,3375,82,"549",0.984719810170258,0.0152801898297418,0.976280011570726,0.0237199884292739,"132_O18","PTG_12h"
"132_O20",279580.125165339,279514.912739339,65.212426,5020,5013,7,"550",0.999766748705898,0.000233251294101948,0.998605577689243,0.00139442231075697,"132_O20","PTG_Lys3h"
"132_O21",43247.6382833392,41343.1864387392,1904.4518446,2288,2058,230,"551",0.95596402670308,0.0440359732969204,0.899475524475524,0.100524475524476,"132_O21","PTG_Lys3h"
"132_O23",345668.625155071,344612.820782071,1055.804373,5078,4937,141,"552",0.996945616997995,0.00305438300200475,0.972233162662466,0.0277668373375345,"132_O23","PTG_Lys3h"
"132_O2",76931.8835819314,76903.2062733314,28.6773086,3927,3925,2,"553",0.999627237664479,0.000372762335520605,0.999490705373058,0.000509294626941686,"132_O2","LPS"
"132_O4",302023.274633736,301953.345646636,69.9289871,5621,5617,4,"554",0.999768464906604,0.000231535093395709,0.999288382850027,0.000711617149973314,"132_O4","LPS"
"132_O5",120208.97371877,120182.03571477,26.938004,3345,3344,1,"555",0.999775906879772,0.000224093120227627,0.999701046337818,0.000298953662182362,"132_O5","LPS"
"132_O7",269225.703304716,213010.384995716,56215.318309,7586,5428,2158,"556",0.791196317368798,0.208803682631202,0.7155286053256,0.2844713946744,"132_O7","PTG_3h"
"132_O8",139830.112520678,104911.155033078,34918.9574876,6665,4659,2006,"557",0.750275839315825,0.249724160684175,0.699024756189047,0.300975243810953,"132_O8","PTG_3h"
"132_O9",250864.6997983,221257.2553433,29607.444455,5053,4025,1028,"558",0.881978435073548,0.118021564926452,0.796556501088462,0.203443498911538,"132_O9","PTG_3h"
"132_P10",178862.69021128,39748.2410482805,139114.449163,2874,1023,1851,"559",0.222227682035466,0.777772317964534,0.355949895615866,0.644050104384134,"132_P10","PTG_3h"
"132_P11",19963.002509038,14696.801029638,5266.2014794,2197,1636,561,"560",0.736201932699463,0.263798067300537,0.744651797906236,0.255348202093764,"132_P11","PTG_3h"
"132_P12",546567.732012553,499421.163079554,47146.568933,6185,5093,1092,"561",0.913740665297971,0.0862593347020295,0.823443815683104,0.176556184316896,"132_P12","PTG_3h"
"132_P13",237808.035240576,221692.438215776,16115.5970248,6091,5178,913,"562",0.932232748113423,0.0677672518865766,0.850106714825152,0.149893285174848,"132_P13","PTG_12h"
"132_P14",236861.235945132,156152.266854532,80708.9690906,7609,4694,2915,"563",0.659256320399781,0.340743679600219,0.616901038244185,0.383098961755815,"132_P14","PTG_12h"
"132_P15",44346.3106676882,40055.5531332882,4290.7575344,3705,3243,462,"564",0.903244317964733,0.0967556820352668,0.875303643724696,0.124696356275304,"132_P15","PTG_12h"
"132_P17",106180.011356369,82056.4673083692,24123.544048,6473,4415,2058,"565",0.77280522256647,0.22719477743353,0.682063957979299,0.317936042020701,"132_P17","PTG_12h"
"132_P18",53983.634717714,41271.900794314,12711.7339234,4643,3373,1270,"566",0.764526157049799,0.235473842950201,0.726469954770622,0.273530045229378,"132_P18","PTG_12h"
"132_P19",29548.8195142149,25882.9653984149,3665.8541158,2646,2129,517,"567",0.875939067073847,0.124060932926153,0.804610733182162,0.195389266817838,"132_P19","PTG_Lys3h"
"132_P20",473939.789139323,471768.753552323,2171.035587,5430,5209,221,"568",0.995419174256412,0.00458082574358783,0.959300184162063,0.0406998158379374,"132_P20","PTG_Lys3h"
"132_P21",373003.383893826,372607.451362826,395.932531,5443,5392,51,"569",0.998938528313425,0.0010614716865751,0.990630167187213,0.00936983281278707,"132_P21","PTG_Lys3h"
"132_P4",62025.1245797754,61994.8539078754,30.2706719,2890,2889,1,"570",0.999511961126961,0.000488038873038723,0.999653979238754,0.000346020761245675,"132_P4","LPS"
"132_P5",21095.96920533,21086.25865333,9.710552,1890,1890,0,"571",0.999539696332248,0.000460303667752159,1,0,"132_P5","LPS"
"132_P6",45901.644740672,45877.994699872,23.6500408,2835,2835,0,"572",0.999484767028859,0.000515232971141107,1,0,"132_P6","LPS"
"132_P7",256970.798973502,232618.242792102,24352.5561814,7255,5327,1928,"573",0.905232204286717,0.094767795713283,0.734252239834597,0.265747760165403,"132_P7","PTG_3h"
"132_P8",69563.2581822381,61485.8449754381,8077.4132068,4821,3809,1012,"574",0.883883914901754,0.116116085098246,0.790085044596557,0.209914955403443,"132_P8","PTG_3h"
"132_P9",92339.934945951,60096.795992451,32243.1389535,5448,3583,1865,"575",0.650821294466227,0.349178705533773,0.657672540381791,0.342327459618209,"132_P9","PTG_3h"
